kind,id,name,tier,hostStar,cardStar,copies,obtainableByNormalMerge,before_hp,before_atk,before_as,before_armor,before_spell,before_heal,before_lifesteal,before_power,before_cd,before_duration,before_mark,before_resolveHpFloor,after_hp,after_atk,after_as,after_armor,after_spell,after_heal,after_lifesteal,after_power,after_cd,after_duration,after_mark,after_resolveHpFloor,before_range,before_crit,before_critDmg,before_dodge,before_mana,before_manaPerHit,before_ultPower,before_ultMana,before_actPowerEach,after_range,after_crit,after_critDmg,after_dodge,after_mana,after_manaPerHit,after_ultPower,after_ultMana,after_actPowerEach
units,squire,견습 검사,1,1,1,1,True,950,56,0.75,0,1,1,0,,,,,,950,56,0.75,0,1,1,0,,,,,,1,0.05,1.75,0,0,12,320,60,,1,0.05,1.75,0,0,12,320,60,
units,squire,견습 검사,1,2,2,3,True,1900,112,0.75,0,1,1,0,,,,,,1900,112,0.75,0,1,1,0,,,,,,1,0.05,1.75,0,0,12,544.0,60,,1,0.05,1.75,0,0,12,544.0,60,
units,squire,견습 검사,1,3,3,9,True,3800,224,0.75,0,1,1,0,,,,,,3800,224,0.75,0,1,1,0,,,,,,1,0.05,1.75,0,0,12,896.0,60,,1,0.05,1.75,0,0,12,896.0,60,
units,shieldman,방패병,1,1,1,1,True,1300,40,0.6,0.1,1,1,0,,,,,,1300,40,0.6,0.1,1,1,0,,,,,,1,0.05,1.75,0,0,12,250,70,,1,0.05,1.75,0,0,12,250,70,
units,shieldman,방패병,1,2,2,3,True,2600,80,0.6,0.1,1,1,0,,,,,,2600,80,0.6,0.1,1,1,0,,,,,,1,0.05,1.75,0,0,12,425.0,70,,1,0.05,1.75,0,0,12,425.0,70,
units,shieldman,방패병,1,3,3,9,True,5200,160,0.6,0.1,1,1,0,,,,,,5200,160,0.6,0.1,1,1,0,,,,,,1,0.05,1.75,0,0,12,700.0,70,,1,0.05,1.75,0,0,12,700.0,70,
units,merc,용병,2,1,1,1,True,1150,66,0.75,0,1,1,0,,,,,,1250,70,0.75,0,1,1,0,,,,,,1,0.05,1.75,0,0,12,0,,,1,0.05,1.75,0,0,12,0,,
units,merc,용병,2,2,2,3,True,2300,132,0.75,0,1,1,0,,,,,,2500,140,0.75,0,1,1,0,,,,,,1,0.05,1.75,0,0,12,0.0,,,1,0.05,1.75,0,0,12,0.0,,
units,merc,용병,2,3,3,9,True,4600,264,0.75,0,1,1,0,,,,,,5000,280,0.75,0,1,1,0,,,,,,1,0.05,1.75,0,0,12,0.0,,,1,0.05,1.75,0,0,12,0.0,,
units,hammer,망치 전사,2,1,1,1,True,1250,62,0.6,0.1,1,1,0,,,,,,1250,62,0.6,0.1,1,1,0,,,,,,1,0.05,1.75,0,0,12,150,80,,1,0.05,1.75,0,0,12,200,80,
units,hammer,망치 전사,2,2,2,3,True,2500,124,0.6,0.1,1,1,0,,,,,,2500,124,0.6,0.1,1,1,0,,,,,,1,0.05,1.75,0,0,12,255.0,80,,1,0.05,1.75,0,0,12,340.0,80,
units,hammer,망치 전사,2,3,3,9,True,5000,248,0.6,0.1,1,1,0,,,,,,5000,248,0.6,0.1,1,1,0,,,,,,1,0.05,1.75,0,0,12,420.0,80,,1,0.05,1.75,0,0,12,560.0,80,
units,duelist,결투가,3,1,1,1,True,1350,88,0.9,0,1,1,0,,,,,,1350,88,0.9,0,1,1,0,,,,,,1,0.15,1.75,0,0,12,400,70,,1,0.15,1.75,0,0,12,400,70,
units,duelist,결투가,3,2,2,3,True,2700,176,0.9,0,1,1,0,,,,,,2700,176,0.9,0,1,1,0,,,,,,1,0.15,1.75,0,0,12,680.0,70,,1,0.15,1.75,0,0,12,680.0,70,
units,duelist,결투가,3,3,3,9,True,5400,352,0.9,0,1,1,0,,,,,,5400,352,0.9,0,1,1,0,,,,,,1,0.15,1.75,0,0,12,1120.0,70,,1,0.15,1.75,0,0,12,1120.0,70,
units,berserker,광전사,3,1,1,1,True,1450,88,0.85,0,1,1,0,,,,,,1450,88,0.85,0,1,1,0,,,,,,1,0.05,1.75,0,0,12,0,,,1,0.05,1.75,0,0,12,0,,
units,berserker,광전사,3,2,2,3,True,2900,176,0.85,0,1,1,0,,,,,,2900,176,0.85,0,1,1,0,,,,,,1,0.05,1.75,0,0,12,0.0,,,1,0.05,1.75,0,0,12,0.0,,
units,berserker,광전사,3,3,3,9,True,5800,352,0.85,0,1,1,0,,,,,,5800,352,0.85,0,1,1,0,,,,,,1,0.05,1.75,0,0,12,0.0,,,1,0.05,1.75,0,0,12,0.0,,
units,warden,기사단장,4,1,1,1,True,1950,80,0.65,0.15,1,1,0,,,,,,2150,80,0.65,0.15,1,1,0,,,,,,1,0.05,1.75,0,0,12,0,80,,1,0.05,1.75,0,0,12,0,70,
units,warden,기사단장,4,2,2,3,True,3900,160,0.65,0.15,1,1,0,,,,,,4300,160,0.65,0.15,1,1,0,,,,,,1,0.05,1.75,0,0,12,0.0,80,,1,0.05,1.75,0,0,12,0.0,70,
units,warden,기사단장,4,3,3,9,True,7800,320,0.65,0.15,1,1,0,,,,,,8600,320,0.65,0.15,1,1,0,,,,,,1,0.05,1.75,0,0,12,0.0,80,,1,0.05,1.75,0,0,12,0.0,70,
units,paladin,성기사,4,1,1,1,True,2000,76,0.65,0.15,1,1,0,,,,,,2000,76,0.65,0.15,1,1,0,,,,,,1,0.05,1.75,0,0,12,250,90,,1,0.05,1.75,0,0,12,250,90,
units,paladin,성기사,4,2,2,3,True,4000,152,0.65,0.15,1,1,0,,,,,,4000,152,0.65,0.15,1,1,0,,,,,,1,0.05,1.75,0,0,12,425.0,90,,1,0.05,1.75,0,0,12,425.0,90,
units,paladin,성기사,4,3,3,9,True,8000,304,0.65,0.15,1,1,0,,,,,,8000,304,0.65,0.15,1,1,0,,,,,,1,0.05,1.75,0,0,12,700.0,90,,1,0.05,1.75,0,0,12,700.0,90,
units,blademaster,용기사,5,1,1,1,True,2600,94,0.8,0.1,1,1,0,,,,,,2600,94,0.8,0.1,1,1,0,,,,,,1,0.05,1.75,0,0,12,200,50,,1,0.05,1.75,0,0,12,200,50,
units,blademaster,용기사,5,2,2,3,True,5200,188,0.8,0.1,1,1,0,,,,,,5200,188,0.8,0.1,1,1,0,,,,,,1,0.05,1.75,0,0,12,340.0,50,,1,0.05,1.75,0,0,12,340.0,50,
units,blademaster,용기사,5,3,3,9,True,10400,376,0.8,0.1,1,1,0,,,,,,10400,376,0.8,0.1,1,1,0,,,,,,1,0.05,1.75,0,0,12,560.0,50,,1,0.05,1.75,0,0,12,560.0,50,
units,archer,견습 궁수,1,1,1,1,True,560,43,0.8,0,1,1,0,,,,,,560,43,0.8,0,1,1,0,,,,,,3,0.05,1.75,0,0,12,50,60,,3,0.05,1.75,0,0,12,50,60,
units,archer,견습 궁수,1,2,2,3,True,1120,86,0.8,0,1,1,0,,,,,,1120,86,0.8,0,1,1,0,,,,,,3,0.05,1.75,0,0,12,85.0,60,,3,0.05,1.75,0,0,12,85.0,60,
units,archer,견습 궁수,1,3,3,9,True,2240,172,0.8,0,1,1,0,,,,,,2240,172,0.8,0,1,1,0,,,,,,3,0.05,1.75,0,0,12,140.0,60,,3,0.05,1.75,0,0,12,140.0,60,
units,venom,정찰병,1,1,1,1,True,520,43,0.8,0,1,1,0,,,,,,520,46,0.8,0,1,1,0,,,,,,4,0.05,1.75,0,0,12,40,60,,4,0.05,1.75,0,0,12,65,60,
units,venom,정찰병,1,2,2,3,True,1040,86,0.8,0,1,1,0,,,,,,1040,92,0.8,0,1,1,0,,,,,,4,0.05,1.75,0,0,12,68.0,60,,4,0.05,1.75,0,0,12,110.5,60,
units,venom,정찰병,1,3,3,9,True,2080,172,0.8,0,1,1,0,,,,,,2080,184,0.8,0,1,1,0,,,,,,4,0.05,1.75,0,0,12,112.0,60,,4,0.05,1.75,0,0,12,182.0,60,
units,crossbow,석궁병,2,1,1,1,True,760,80,0.6,0,1,1,0,,,,,,760,80,0.6,0,1,1,0,,,,,,4,0.05,1.75,0,0,12,250,90,,4,0.05,1.75,0,0,12,310,80,
units,crossbow,석궁병,2,2,2,3,True,1520,160,0.6,0,1,1,0,,,,,,1520,160,0.6,0,1,1,0,,,,,,4,0.05,1.75,0,0,12,425.0,90,,4,0.05,1.75,0,0,12,527.0,80,
units,crossbow,석궁병,2,3,3,9,True,3040,320,0.6,0,1,1,0,,,,,,3040,320,0.6,0,1,1,0,,,,,,4,0.05,1.75,0,0,12,700.0,90,,4,0.05,1.75,0,0,12,868.0,80,
units,scout,척후병,2,1,1,1,True,720,60,0.9,0,1,1,0,,,,,,800,66,0.9,0,1,1,0,,,,,,3,0.05,1.75,0.15,0,12,0,70,,3,0.05,1.75,0.15,0,12,0,60,
units,scout,척후병,2,2,2,3,True,1440,120,0.9,0,1,1,0,,,,,,1600,132,0.9,0,1,1,0,,,,,,3,0.05,1.75,0.15,0,12,0.0,70,,3,0.05,1.75,0.15,0,12,0.0,60,
units,scout,척후병,2,3,3,9,True,2880,240,0.9,0,1,1,0,,,,,,3200,264,0.9,0,1,1,0,,,,,,3,0.05,1.75,0.15,0,12,0.0,70,,3,0.05,1.75,0.15,0,12,0.0,60,
units,hunter,매사냥꾼,3,1,1,1,True,900,67,0.85,0,1,1,0,,,,,,900,67,0.85,0,1,1,0,,,,,,3,0.05,1.75,0,0,12,0,80,,3,0.05,1.75,0,0,12,0,80,
units,hunter,매사냥꾼,3,2,2,3,True,1800,134,0.85,0,1,1,0,,,,,,1800,134,0.85,0,1,1,0,,,,,,3,0.05,1.75,0,0,12,0.0,80,,3,0.05,1.75,0,0,12,0.0,80,
units,hunter,매사냥꾼,3,3,3,9,True,3600,268,0.85,0,1,1,0,,,,,,3600,268,0.85,0,1,1,0,,,,,,3,0.05,1.75,0,0,12,0.0,80,,3,0.05,1.75,0,0,12,0.0,80,
units,arbalest,석궁 기사,3,1,1,1,True,1050,94,0.55,0.1,1,1,0,,,,,,1050,94,0.55,0.1,1,1,0,,,,,,4,0.05,1.75,0,0,12,200,40,,4,0.05,1.75,0,0,12,200,40,
units,arbalest,석궁 기사,3,2,2,3,True,2100,188,0.55,0.1,1,1,0,,,,,,2100,188,0.55,0.1,1,1,0,,,,,,4,0.05,1.75,0,0,12,340.0,40,,4,0.05,1.75,0,0,12,340.0,40,
units,arbalest,석궁 기사,3,3,3,9,True,4200,376,0.55,0.1,1,1,0,,,,,,4200,376,0.55,0.1,1,1,0,,,,,,4,0.05,1.75,0,0,12,560.0,40,,4,0.05,1.75,0,0,12,560.0,40,
units,ranger,레인저,4,1,1,1,True,1150,96,0.9,0,1,1,0,,,,,,1150,104,0.9,0,1,1,0,,,,,,4,0.05,1.75,0.15,0,12,150,90,,4,0.05,1.75,0.15,0,12,230,80,
units,ranger,레인저,4,2,2,3,True,2300,192,0.9,0,1,1,0,,,,,,2300,208,0.9,0,1,1,0,,,,,,4,0.05,1.75,0.15,0,12,255.0,90,,4,0.05,1.75,0.15,0,12,391.0,80,
units,ranger,레인저,4,3,3,9,True,4600,384,0.9,0,1,1,0,,,,,,4600,416,0.9,0,1,1,0,,,,,,4,0.05,1.75,0.15,0,12,420.0,90,,4,0.05,1.75,0.15,0,12,644.0,80,
units,windarcher,바람 궁수,4,1,1,1,True,1100,84,1,0,1,1,0,,,,,,1100,84,1,0,1,1,0,,,,,,4,0.05,1.75,0,0,12,300,90,,4,0.05,1.75,0,0,12,300,90,
units,windarcher,바람 궁수,4,2,2,3,True,2200,168,1,0,1,1,0,,,,,,2200,168,1,0,1,1,0,,,,,,4,0.05,1.75,0,0,12,510.0,90,,4,0.05,1.75,0,0,12,510.0,90,
units,windarcher,바람 궁수,4,3,3,9,True,4400,336,1,0,1,1,0,,,,,,4400,336,1,0,1,1,0,,,,,,4,0.05,1.75,0,0,12,840.0,90,,4,0.05,1.75,0,0,12,840.0,90,
units,ninja,엘프 명궁,5,1,1,1,True,1350,125,0.95,0,1,1,0,,,,,,1350,135,0.95,0,1,1,0,,,,,,4,0.05,1.75,0,0,12,100,100,,4,0.05,1.75,0,0,12,115,100,
units,ninja,엘프 명궁,5,2,2,3,True,2700,250,0.95,0,1,1,0,,,,,,2700,270,0.95,0,1,1,0,,,,,,4,0.05,1.75,0,0,12,170.0,100,,4,0.05,1.75,0,0,12,195.5,100,
units,ninja,엘프 명궁,5,3,3,9,True,5400,500,0.95,0,1,1,0,,,,,,5400,540,0.95,0,1,1,0,,,,,,4,0.05,1.75,0,0,12,280.0,100,,4,0.05,1.75,0,0,12,322.0,100,
units,apprentice,견습 마법사,1,1,1,1,True,690,42,0.65,0,1,1,0,,,,,,690,42,0.65,0,1,1,0,,,,,,3,0.05,1.75,0,0,12,150,50,,3,0.05,1.75,0,0,12,150,50,
units,apprentice,견습 마법사,1,2,2,3,True,1380,84,0.65,0,1,1,0,,,,,,1380,84,0.65,0,1,1,0,,,,,,3,0.05,1.75,0,0,12,255.0,50,,3,0.05,1.75,0,0,12,255.0,50,
units,apprentice,견습 마법사,1,3,3,9,True,2760,168,0.65,0,1,1,0,,,,,,2760,168,0.65,0,1,1,0,,,,,,3,0.05,1.75,0,0,12,420.0,50,,3,0.05,1.75,0,0,12,420.0,50,
units,acolyte,약초꾼,1,1,1,1,True,800,37,0.7,0,1,1,0,,,,,,800,37,0.7,0,1,1,0,,,,,,3,0.05,1.75,0,0,12,300,60,,3,0.05,1.75,0,0,12,300,60,
units,acolyte,약초꾼,1,2,2,3,True,1600,74,0.7,0,1,1,0,,,,,,1600,74,0.7,0,1,1,0,,,,,,3,0.05,1.75,0,0,12,510.0,60,,3,0.05,1.75,0,0,12,510.0,60,
units,acolyte,약초꾼,1,3,3,9,True,3200,148,0.7,0,1,1,0,,,,,,3200,148,0.7,0,1,1,0,,,,,,3,0.05,1.75,0,0,12,840.0,60,,3,0.05,1.75,0,0,12,840.0,60,
units,monk,학자,2,1,1,1,True,1000,55,0.65,0,1,1,0,,,,,,1000,60,0.65,0,1,1,0,,,,,,3,0.05,1.75,0,0,12,50,70,,3,0.05,1.75,0,0,12,55,65,
units,monk,학자,2,2,2,3,True,2000,110,0.65,0,1,1,0,,,,,,2000,120,0.65,0,1,1,0,,,,,,3,0.05,1.75,0,0,12,85.0,70,,3,0.05,1.75,0,0,12,93.5,65,
units,monk,학자,2,3,3,9,True,4000,220,0.65,0,1,1,0,,,,,,4000,240,0.65,0,1,1,0,,,,,,3,0.05,1.75,0,0,12,140.0,70,,3,0.05,1.75,0,0,12,154.0,65,
units,pyro,화염술사,2,1,1,1,True,900,50,0.65,0,1,1,0,,,,,,900,50,0.65,0,1,1,0,,,,,,3,0.05,1.75,0,0,12,150,70,,3,0.05,1.75,0,0,12,150,70,
units,pyro,화염술사,2,2,2,3,True,1800,100,0.65,0,1,1,0,,,,,,1800,100,0.65,0,1,1,0,,,,,,3,0.05,1.75,0,0,12,255.0,70,,3,0.05,1.75,0,0,12,255.0,70,
units,pyro,화염술사,2,3,3,9,True,3600,200,0.65,0,1,1,0,,,,,,3600,200,0.65,0,1,1,0,,,,,,3,0.05,1.75,0,0,12,420.0,70,,3,0.05,1.75,0,0,12,420.0,70,
units,cryo,점성술사,3,1,1,1,True,1140,63,0.65,0,1,1,0,,,,,,1140,63,0.65,0,1,1,0,,,,,,3,0.05,1.75,0,0,12,0,70,,3,0.05,1.75,0,0,12,0,70,
units,cryo,점성술사,3,2,2,3,True,2280,126,0.65,0,1,1,0,,,,,,2280,126,0.65,0,1,1,0,,,,,,3,0.05,1.75,0,0,12,0.0,70,,3,0.05,1.75,0,0,12,0.0,70,
units,cryo,점성술사,3,3,3,9,True,4560,252,0.65,0,1,1,0,,,,,,4560,252,0.65,0,1,1,0,,,,,,3,0.05,1.75,0,0,12,0.0,70,,3,0.05,1.75,0,0,12,0.0,70,
units,summoner,소환술사,3,1,1,1,True,1060,48,0.6,0,1,1,0,,,,,,1160,54,0.6,0,1,1,0,,,,,,3,0.05,1.75,0,0,12,0,100,,3,0.05,1.75,0,0,12,0,80,
units,summoner,소환술사,3,2,2,3,True,2120,96,0.6,0,1,1,0,,,,,,2320,108,0.6,0,1,1,0,,,,,,3,0.05,1.75,0,0,12,0.0,100,,3,0.05,1.75,0,0,12,0.0,80,
units,summoner,소환술사,3,3,3,9,True,4240,192,0.6,0,1,1,0,,,,,,4640,216,0.6,0,1,1,0,,,,,,3,0.05,1.75,0,0,12,0.0,100,,3,0.05,1.75,0,0,12,0.0,80,
units,archmage,대마법사,4,1,1,1,True,1660,88,0.65,0,1,1,0,,,,,,1660,88,0.65,0,1,1,0,,,,,,3,0.05,1.75,0,0,12,0,90,,3,0.05,1.75,0,0,12,0,90,
units,archmage,대마법사,4,2,2,3,True,3320,176,0.65,0,1,1,0,,,,,,3320,176,0.65,0,1,1,0,,,,,,3,0.05,1.75,0,0,12,0.0,90,,3,0.05,1.75,0,0,12,0.0,90,
units,archmage,대마법사,4,3,3,9,True,6640,352,0.65,0,1,1,0,,,,,,6640,352,0.65,0,1,1,0,,,,,,3,0.05,1.75,0,0,12,0.0,90,,3,0.05,1.75,0,0,12,0.0,90,
units,warlock,흑마법사,4,1,1,1,True,1450,73,0.65,0,1,1,0,,,,,,1450,73,0.65,0,1,1,0,,,,,,3,0.05,1.75,0,0,12,180,90,,3,0.05,1.75,0,0,12,230,90,
units,warlock,흑마법사,4,2,2,3,True,2900,146,0.65,0,1,1,0,,,,,,2900,146,0.65,0,1,1,0,,,,,,3,0.05,1.75,0,0,12,306.0,90,,3,0.05,1.75,0,0,12,391.0,90,
units,warlock,흑마법사,4,3,3,9,True,5800,292,0.65,0,1,1,0,,,,,,5800,292,0.65,0,1,1,0,,,,,,3,0.05,1.75,0,0,12,503.99999999999994,90,,3,0.05,1.75,0,0,12,644.0,90,
units,bishop,현자,5,1,1,1,True,2060,92,0.7,0,1,1,0,,,,,,2200,100,0.7,0,1,1,0,,,,,,3,0.05,1.75,0,0,12,500,100,,3,0.05,1.75,0,0,12,560,100,
units,bishop,현자,5,2,2,3,True,4120,184,0.7,0,1,1,0,,,,,,4400,200,0.7,0,1,1,0,,,,,,3,0.05,1.75,0,0,12,850.0,100,,3,0.05,1.75,0,0,12,952.0,100,
units,bishop,현자,5,3,3,9,True,8240,368,0.7,0,1,1,0,,,,,,8800,400,0.7,0,1,1,0,,,,,,3,0.05,1.75,0,0,12,1400.0,100,,3,0.05,1.75,0,0,12,1568.0,100,
skills,cross,십자 베기,1,1,1,1,True,,,,,,,,205,8,,,,,,,,,,,205,8,,,,,,,,,,,,,,,,,,,,,
skills,cross,십자 베기,1,1,2,3,True,,,,,,,,348.5,7.2,,,,,,,,,,,348.5,7.2,,,,,,,,,,,,,,,,,,,,,
skills,cross,십자 베기,1,1,3,9,True,,,,,,,,533,6.4,,,,,,,,,,,533,6.4,,,,,,,,,,,,,,,,,,,,,
skills,cross,십자 베기,1,2,1,1,True,,,,,,,,348.5,8,,,,,,,,,,,348.5,8,,,,,,,,,,,,,,,,,,,,,
skills,cross,십자 베기,1,2,2,3,True,,,,,,,,592.4499999999999,7.2,,,,,,,,,,,592.4499999999999,7.2,,,,,,,,,,,,,,,,,,,,,
skills,cross,십자 베기,1,2,3,9,True,,,,,,,,906.1,6.4,,,,,,,,,,,906.1,6.4,,,,,,,,,,,,,,,,,,,,,
skills,cross,십자 베기,1,3,1,1,True,,,,,,,,574,8,,,,,,,,,,,574,8,,,,,,,,,,,,,,,,,,,,,
skills,cross,십자 베기,1,3,2,3,True,,,,,,,,975.8,7.2,,,,,,,,,,,975.8,7.2,,,,,,,,,,,,,,,,,,,,,
skills,cross,십자 베기,1,3,3,9,True,,,,,,,,1492.4,6.4,,,,,,,,,,,1492.4,6.4,,,,,,,,,,,,,,,,,,,,,
skills,whirl,회전 베기,2,1,1,1,True,,,,,,,,150,10,,,,,,,,,,,150,10,,,,,,,,,,,,,,,,,,,,,
skills,whirl,회전 베기,2,1,2,3,True,,,,,,,,255,9,,,,,,,,,,,255,9,,,,,,,,,,,,,,,,,,,,,
skills,whirl,회전 베기,2,1,3,9,True,,,,,,,,390,8,,,,,,,,,,,390,8,,,,,,,,,,,,,,,,,,,,,
skills,whirl,회전 베기,2,2,1,1,True,,,,,,,,255,10,,,,,,,,,,,255,10,,,,,,,,,,,,,,,,,,,,,
skills,whirl,회전 베기,2,2,2,3,True,,,,,,,,433.5,9,,,,,,,,,,,433.5,9,,,,,,,,,,,,,,,,,,,,,
skills,whirl,회전 베기,2,2,3,9,True,,,,,,,,663,8,,,,,,,,,,,663,8,,,,,,,,,,,,,,,,,,,,,
skills,whirl,회전 베기,2,3,1,1,True,,,,,,,,420,10,,,,,,,,,,,420,10,,,,,,,,,,,,,,,,,,,,,
skills,whirl,회전 베기,2,3,2,3,True,,,,,,,,714,9,,,,,,,,,,,714,9,,,,,,,,,,,,,,,,,,,,,
skills,whirl,회전 베기,2,3,3,9,True,,,,,,,,1092,8,,,,,,,,,,,1092,8,,,,,,,,,,,,,,,,,,,,,
skills,bladestorm,검의 폭풍,3,1,1,1,True,,,,,,,,50,13,5,,,,,,,,,,50,13,5,,,,,,,,,,,,,,,,,,,,
skills,bladestorm,검의 폭풍,3,1,2,3,True,,,,,,,,85,11.700000000000001,5,,,,,,,,,,85,11.700000000000001,5,,,,,,,,,,,,,,,,,,,,
skills,bladestorm,검의 폭풍,3,1,3,9,True,,,,,,,,130,10.4,5,,,,,,,,,,130,10.4,5,,,,,,,,,,,,,,,,,,,,
skills,bladestorm,검의 폭풍,3,2,1,1,True,,,,,,,,85,13,5,,,,,,,,,,85,13,5,,,,,,,,,,,,,,,,,,,,
skills,bladestorm,검의 폭풍,3,2,2,3,True,,,,,,,,144.5,11.700000000000001,5,,,,,,,,,,144.5,11.700000000000001,5,,,,,,,,,,,,,,,,,,,,
skills,bladestorm,검의 폭풍,3,2,3,9,True,,,,,,,,221,10.4,5,,,,,,,,,,221,10.4,5,,,,,,,,,,,,,,,,,,,,
skills,bladestorm,검의 폭풍,3,3,1,1,True,,,,,,,,140,13,5,,,,,,,,,,140,13,5,,,,,,,,,,,,,,,,,,,,
skills,bladestorm,검의 폭풍,3,3,2,3,True,,,,,,,,238,11.700000000000001,5,,,,,,,,,,238,11.700000000000001,5,,,,,,,,,,,,,,,,,,,,
skills,bladestorm,검의 폭풍,3,3,3,9,True,,,,,,,,364,10.4,5,,,,,,,,,,364,10.4,5,,,,,,,,,,,,,,,,,,,,
skills,bash,방패 강타,1,1,1,1,True,,,,,,,,300,7,,,,,,,,,,,300,7,,,,,,,,,,,,,,,,,,,,,
skills,bash,방패 강타,1,1,2,3,True,,,,,,,,510,6.3,,,,,,,,,,,510,6.3,,,,,,,,,,,,,,,,,,,,,
skills,bash,방패 강타,1,1,3,9,True,,,,,,,,780,5.6000000000000005,,,,,,,,,,,780,5.6000000000000005,,,,,,,,,,,,,,,,,,,,,
skills,bash,방패 강타,1,2,1,1,True,,,,,,,,510,7,,,,,,,,,,,510,7,,,,,,,,,,,,,,,,,,,,,
skills,bash,방패 강타,1,2,2,3,True,,,,,,,,867,6.3,,,,,,,,,,,867,6.3,,,,,,,,,,,,,,,,,,,,,
skills,bash,방패 강타,1,2,3,9,True,,,,,,,,1326,5.6000000000000005,,,,,,,,,,,1326,5.6000000000000005,,,,,,,,,,,,,,,,,,,,,
skills,bash,방패 강타,1,3,1,1,True,,,,,,,,840,7,,,,,,,,,,,840,7,,,,,,,,,,,,,,,,,,,,,
skills,bash,방패 강타,1,3,2,3,True,,,,,,,,1428,6.3,,,,,,,,,,,1428,6.3,,,,,,,,,,,,,,,,,,,,,
skills,bash,방패 강타,1,3,3,9,True,,,,,,,,2184,5.6000000000000005,,,,,,,,,,,2184,5.6000000000000005,,,,,,,,,,,,,,,,,,,,,
skills,wall,방벽 세우기,2,1,1,1,True,,,,,,,,150,10,,,,,,,,,,,150,10,,,,,,,,,,,,,,,,,,,,,
skills,wall,방벽 세우기,2,1,2,3,True,,,,,,,,255,9,,,,,,,,,,,255,9,,,,,,,,,,,,,,,,,,,,,
skills,wall,방벽 세우기,2,1,3,9,True,,,,,,,,390,8,,,,,,,,,,,390,8,,,,,,,,,,,,,,,,,,,,,
skills,wall,방벽 세우기,2,2,1,1,True,,,,,,,,255,10,,,,,,,,,,,255,10,,,,,,,,,,,,,,,,,,,,,
skills,wall,방벽 세우기,2,2,2,3,True,,,,,,,,433.5,9,,,,,,,,,,,433.5,9,,,,,,,,,,,,,,,,,,,,,
skills,wall,방벽 세우기,2,2,3,9,True,,,,,,,,663,8,,,,,,,,,,,663,8,,,,,,,,,,,,,,,,,,,,,
skills,wall,방벽 세우기,2,3,1,1,True,,,,,,,,420,10,,,,,,,,,,,420,10,,,,,,,,,,,,,,,,,,,,,
skills,wall,방벽 세우기,2,3,2,3,True,,,,,,,,714,9,,,,,,,,,,,714,9,,,,,,,,,,,,,,,,,,,,,
skills,wall,방벽 세우기,2,3,3,9,True,,,,,,,,1092,8,,,,,,,,,,,1092,8,,,,,,,,,,,,,,,,,,,,,
skills,bulwark,불굴의 함성,3,1,1,1,True,,,,,,,,0,13,4,,,,,,,,,,0,13,4,,,,,,,,,,,,,,,,,,,,
skills,bulwark,불굴의 함성,3,1,2,3,True,,,,,,,,0,11.700000000000001,4,,,,,,,,,,0,11.700000000000001,4,,,,,,,,,,,,,,,,,,,,
skills,bulwark,불굴의 함성,3,1,3,9,True,,,,,,,,0,10.4,4,,,,,,,,,,0,10.4,4,,,,,,,,,,,,,,,,,,,,
skills,bulwark,불굴의 함성,3,2,1,1,True,,,,,,,,0,13,4,,,,,,,,,,0,13,4,,,,,,,,,,,,,,,,,,,,
skills,bulwark,불굴의 함성,3,2,2,3,True,,,,,,,,0,11.700000000000001,4,,,,,,,,,,0,11.700000000000001,4,,,,,,,,,,,,,,,,,,,,
skills,bulwark,불굴의 함성,3,2,3,9,True,,,,,,,,0,10.4,4,,,,,,,,,,0,10.4,4,,,,,,,,,,,,,,,,,,,,
skills,bulwark,불굴의 함성,3,3,1,1,True,,,,,,,,0,13,4,,,,,,,,,,0,13,4,,,,,,,,,,,,,,,,,,,,
skills,bulwark,불굴의 함성,3,3,2,3,True,,,,,,,,0,11.700000000000001,4,,,,,,,,,,0,11.700000000000001,4,,,,,,,,,,,,,,,,,,,,
skills,bulwark,불굴의 함성,3,3,3,9,True,,,,,,,,0,10.4,4,,,,,,,,,,0,10.4,4,,,,,,,,,,,,,,,,,,,,
skills,bleedcut,기력 베기,1,1,1,1,True,,,,,,,,80,7,,,,,,,,,,,110,7,,,,,,,,,,,,,,,,,,,,,
skills,bleedcut,기력 베기,1,1,2,3,True,,,,,,,,136,6.3,,,,,,,,,,,187,6.3,,,,,,,,,,,,,,,,,,,,,
skills,bleedcut,기력 베기,1,1,3,9,True,,,,,,,,208,5.6000000000000005,,,,,,,,,,,286,5.6000000000000005,,,,,,,,,,,,,,,,,,,,,
skills,bleedcut,기력 베기,1,2,1,1,True,,,,,,,,136,7,,,,,,,,,,,187,7,,,,,,,,,,,,,,,,,,,,,
skills,bleedcut,기력 베기,1,2,2,3,True,,,,,,,,231.2,6.3,,,,,,,,,,,317.9,6.3,,,,,,,,,,,,,,,,,,,,,
skills,bleedcut,기력 베기,1,2,3,9,True,,,,,,,,353.6,5.6000000000000005,,,,,,,,,,,486.2,5.6000000000000005,,,,,,,,,,,,,,,,,,,,,
skills,bleedcut,기력 베기,1,3,1,1,True,,,,,,,,224,7,,,,,,,,,,,308,7,,,,,,,,,,,,,,,,,,,,,
skills,bleedcut,기력 베기,1,3,2,3,True,,,,,,,,380.8,6.3,,,,,,,,,,,523.6,6.3,,,,,,,,,,,,,,,,,,,,,
skills,bleedcut,기력 베기,1,3,3,9,True,,,,,,,,582.4,5.6000000000000005,,,,,,,,,,,800.8000000000001,5.6000000000000005,,,,,,,,,,,,,,,,,,,,,
skills,taunt,도발,1,1,1,1,True,,,,,,,,260,8,,,,,,,,,,,260,8,,,,,,,,,,,,,,,,,,,,,
skills,taunt,도발,1,1,2,3,True,,,,,,,,442,7.2,,,,,,,,,,,442,7.2,,,,,,,,,,,,,,,,,,,,,
skills,taunt,도발,1,1,3,9,True,,,,,,,,676,6.4,,,,,,,,,,,676,6.4,,,,,,,,,,,,,,,,,,,,,
skills,taunt,도발,1,2,1,1,True,,,,,,,,442,8,,,,,,,,,,,442,8,,,,,,,,,,,,,,,,,,,,,
skills,taunt,도발,1,2,2,3,True,,,,,,,,751.4,7.2,,,,,,,,,,,751.4,7.2,,,,,,,,,,,,,,,,,,,,,
skills,taunt,도발,1,2,3,9,True,,,,,,,,1149.2,6.4,,,,,,,,,,,1149.2,6.4,,,,,,,,,,,,,,,,,,,,,
skills,taunt,도발,1,3,1,1,True,,,,,,,,728,8,,,,,,,,,,,728,8,,,,,,,,,,,,,,,,,,,,,
skills,taunt,도발,1,3,2,3,True,,,,,,,,1237.6,7.2,,,,,,,,,,,1237.6,7.2,,,,,,,,,,,,,,,,,,,,,
skills,taunt,도발,1,3,3,9,True,,,,,,,,1892.8,6.4,,,,,,,,,,,1892.8,6.4,,,,,,,,,,,,,,,,,,,,,
skills,fortify,요새화,2,1,1,1,True,,,,,,,,0,8,4,,,,,,,,,,0,8,4,,,,,,,,,,,,,,,,,,,,
skills,fortify,요새화,2,1,2,3,True,,,,,,,,0,7.2,4,,,,,,,,,,0,7.2,4,,,,,,,,,,,,,,,,,,,,
skills,fortify,요새화,2,1,3,9,True,,,,,,,,0,6.4,4,,,,,,,,,,0,6.4,4,,,,,,,,,,,,,,,,,,,,
skills,fortify,요새화,2,2,1,1,True,,,,,,,,0,8,4,,,,,,,,,,0,8,4,,,,,,,,,,,,,,,,,,,,
skills,fortify,요새화,2,2,2,3,True,,,,,,,,0,7.2,4,,,,,,,,,,0,7.2,4,,,,,,,,,,,,,,,,,,,,
skills,fortify,요새화,2,2,3,9,True,,,,,,,,0,6.4,4,,,,,,,,,,0,6.4,4,,,,,,,,,,,,,,,,,,,,
skills,fortify,요새화,2,3,1,1,True,,,,,,,,0,8,4,,,,,,,,,,0,8,4,,,,,,,,,,,,,,,,,,,,
skills,fortify,요새화,2,3,2,3,True,,,,,,,,0,7.2,4,,,,,,,,,,0,7.2,4,,,,,,,,,,,,,,,,,,,,
skills,fortify,요새화,2,3,3,9,True,,,,,,,,0,6.4,4,,,,,,,,,,0,6.4,4,,,,,,,,,,,,,,,,,,,,
skills,charge,돌격,2,1,1,1,True,,,,,,,,205,7,,,,,,,,,,,205,7,,,,,,,,,,,,,,,,,,,,,
skills,charge,돌격,2,1,2,3,True,,,,,,,,348.5,6.3,,,,,,,,,,,348.5,6.3,,,,,,,,,,,,,,,,,,,,,
skills,charge,돌격,2,1,3,9,True,,,,,,,,533,5.6000000000000005,,,,,,,,,,,533,5.6000000000000005,,,,,,,,,,,,,,,,,,,,,
skills,charge,돌격,2,2,1,1,True,,,,,,,,348.5,7,,,,,,,,,,,348.5,7,,,,,,,,,,,,,,,,,,,,,
skills,charge,돌격,2,2,2,3,True,,,,,,,,592.4499999999999,6.3,,,,,,,,,,,592.4499999999999,6.3,,,,,,,,,,,,,,,,,,,,,
skills,charge,돌격,2,2,3,9,True,,,,,,,,906.1,5.6000000000000005,,,,,,,,,,,906.1,5.6000000000000005,,,,,,,,,,,,,,,,,,,,,
skills,charge,돌격,2,3,1,1,True,,,,,,,,574,7,,,,,,,,,,,574,7,,,,,,,,,,,,,,,,,,,,,
skills,charge,돌격,2,3,2,3,True,,,,,,,,975.8,6.3,,,,,,,,,,,975.8,6.3,,,,,,,,,,,,,,,,,,,,,
skills,charge,돌격,2,3,3,9,True,,,,,,,,1492.4,5.6000000000000005,,,,,,,,,,,1492.4,5.6000000000000005,,,,,,,,,,,,,,,,,,,,,
skills,earth,대지 가르기,3,1,1,1,True,,,,,,,,400,11,,,,,,,,,,,400,11,,,,,,,,,,,,,,,,,,,,,
skills,earth,대지 가르기,3,1,2,3,True,,,,,,,,680,9.9,,,,,,,,,,,680,9.9,,,,,,,,,,,,,,,,,,,,,
skills,earth,대지 가르기,3,1,3,9,True,,,,,,,,1040,8.8,,,,,,,,,,,1040,8.8,,,,,,,,,,,,,,,,,,,,,
skills,earth,대지 가르기,3,2,1,1,True,,,,,,,,680,11,,,,,,,,,,,680,11,,,,,,,,,,,,,,,,,,,,,
skills,earth,대지 가르기,3,2,2,3,True,,,,,,,,1156,9.9,,,,,,,,,,,1156,9.9,,,,,,,,,,,,,,,,,,,,,
skills,earth,대지 가르기,3,2,3,9,True,,,,,,,,1768,8.8,,,,,,,,,,,1768,8.8,,,,,,,,,,,,,,,,,,,,,
skills,earth,대지 가르기,3,3,1,1,True,,,,,,,,1120,11,,,,,,,,,,,1120,11,,,,,,,,,,,,,,,,,,,,,
skills,earth,대지 가르기,3,3,2,3,True,,,,,,,,1904,9.9,,,,,,,,,,,1904,9.9,,,,,,,,,,,,,,,,,,,,,
skills,earth,대지 가르기,3,3,3,9,True,,,,,,,,2912,8.8,,,,,,,,,,,2912,8.8,,,,,,,,,,,,,,,,,,,,,
skills,shadowstep,그림자 걸음,2,1,1,1,True,,,,,,,,100,7,,,,,,,,,,,160,7,,,,,,,,,,,,,,,,,,,,,
skills,shadowstep,그림자 걸음,2,1,2,3,True,,,,,,,,170,6.3,,,,,,,,,,,272,6.3,,,,,,,,,,,,,,,,,,,,,
skills,shadowstep,그림자 걸음,2,1,3,9,True,,,,,,,,260,5.6000000000000005,,,,,,,,,,,416,5.6000000000000005,,,,,,,,,,,,,,,,,,,,,
skills,shadowstep,그림자 걸음,2,2,1,1,True,,,,,,,,170,7,,,,,,,,,,,272,7,,,,,,,,,,,,,,,,,,,,,
skills,shadowstep,그림자 걸음,2,2,2,3,True,,,,,,,,289,6.3,,,,,,,,,,,462.4,6.3,,,,,,,,,,,,,,,,,,,,,
skills,shadowstep,그림자 걸음,2,2,3,9,True,,,,,,,,442,5.6000000000000005,,,,,,,,,,,707.2,5.6000000000000005,,,,,,,,,,,,,,,,,,,,,
skills,shadowstep,그림자 걸음,2,3,1,1,True,,,,,,,,280,7,,,,,,,,,,,448,7,,,,,,,,,,,,,,,,,,,,,
skills,shadowstep,그림자 걸음,2,3,2,3,True,,,,,,,,476,6.3,,,,,,,,,,,761.6,6.3,,,,,,,,,,,,,,,,,,,,,
skills,shadowstep,그림자 걸음,2,3,3,9,True,,,,,,,,728,5.6000000000000005,,,,,,,,,,,1164.8,5.6000000000000005,,,,,,,,,,,,,,,,,,,,,
skills,assassinate,핵펀치,3,1,1,1,True,,,,,,,,355,13,,,,,,,,,,,400,13,,,,,,,,,,,,,,,,,,,,,
skills,assassinate,핵펀치,3,1,2,3,True,,,,,,,,603.5,11.700000000000001,,,,,,,,,,,680,11.700000000000001,,,,,,,,,,,,,,,,,,,,,
skills,assassinate,핵펀치,3,1,3,9,True,,,,,,,,923,10.4,,,,,,,,,,,1040,10.4,,,,,,,,,,,,,,,,,,,,,
skills,assassinate,핵펀치,3,2,1,1,True,,,,,,,,603.5,13,,,,,,,,,,,680,13,,,,,,,,,,,,,,,,,,,,,
skills,assassinate,핵펀치,3,2,2,3,True,,,,,,,,1025.95,11.700000000000001,,,,,,,,,,,1156,11.700000000000001,,,,,,,,,,,,,,,,,,,,,
skills,assassinate,핵펀치,3,2,3,9,True,,,,,,,,1569.1000000000001,10.4,,,,,,,,,,,1768,10.4,,,,,,,,,,,,,,,,,,,,,
skills,assassinate,핵펀치,3,3,1,1,True,,,,,,,,993.9999999999999,13,,,,,,,,,,,1120,13,,,,,,,,,,,,,,,,,,,,,
skills,assassinate,핵펀치,3,3,2,3,True,,,,,,,,1689.7999999999997,11.700000000000001,,,,,,,,,,,1904,11.700000000000001,,,,,,,,,,,,,,,,,,,,,
skills,assassinate,핵펀치,3,3,3,9,True,,,,,,,,2584.3999999999996,10.4,,,,,,,,,,,2912,10.4,,,,,,,,,,,,,,,,,,,,,
skills,rain,화살비,3,1,1,1,True,,,,,,,,270,11,,,,,,,,,,,270,11,,,,,,,,,,,,,,,,,,,,,
skills,rain,화살비,3,1,2,3,True,,,,,,,,459,9.9,,,,,,,,,,,459,9.9,,,,,,,,,,,,,,,,,,,,,
skills,rain,화살비,3,1,3,9,True,,,,,,,,702,8.8,,,,,,,,,,,702,8.8,,,,,,,,,,,,,,,,,,,,,
skills,rain,화살비,3,2,1,1,True,,,,,,,,459,11,,,,,,,,,,,459,11,,,,,,,,,,,,,,,,,,,,,
skills,rain,화살비,3,2,2,3,True,,,,,,,,780.3,9.9,,,,,,,,,,,780.3,9.9,,,,,,,,,,,,,,,,,,,,,
skills,rain,화살비,3,2,3,9,True,,,,,,,,1193.4,8.8,,,,,,,,,,,1193.4,8.8,,,,,,,,,,,,,,,,,,,,,
skills,rain,화살비,3,3,1,1,True,,,,,,,,756,11,,,,,,,,,,,756,11,,,,,,,,,,,,,,,,,,,,,
skills,rain,화살비,3,3,2,3,True,,,,,,,,1285.2,9.9,,,,,,,,,,,1285.2,9.9,,,,,,,,,,,,,,,,,,,,,
skills,rain,화살비,3,3,3,9,True,,,,,,,,1965.6000000000001,8.8,,,,,,,,,,,1965.6000000000001,8.8,,,,,,,,,,,,,,,,,,,,,
skills,healarrow,치유 화살,1,1,1,1,True,,,,,,,,130,8,,,,,,,,,,,130,8,,,,,,,,,,,,,,,,,,,,,
skills,healarrow,치유 화살,1,1,2,3,True,,,,,,,,221,7.2,,,,,,,,,,,221,7.2,,,,,,,,,,,,,,,,,,,,,
skills,healarrow,치유 화살,1,1,3,9,True,,,,,,,,338,6.4,,,,,,,,,,,338,6.4,,,,,,,,,,,,,,,,,,,,,
skills,healarrow,치유 화살,1,2,1,1,True,,,,,,,,221,8,,,,,,,,,,,221,8,,,,,,,,,,,,,,,,,,,,,
skills,healarrow,치유 화살,1,2,2,3,True,,,,,,,,375.7,7.2,,,,,,,,,,,375.7,7.2,,,,,,,,,,,,,,,,,,,,,
skills,healarrow,치유 화살,1,2,3,9,True,,,,,,,,574.6,6.4,,,,,,,,,,,574.6,6.4,,,,,,,,,,,,,,,,,,,,,
skills,healarrow,치유 화살,1,3,1,1,True,,,,,,,,364,8,,,,,,,,,,,364,8,,,,,,,,,,,,,,,,,,,,,
skills,healarrow,치유 화살,1,3,2,3,True,,,,,,,,618.8,7.2,,,,,,,,,,,618.8,7.2,,,,,,,,,,,,,,,,,,,,,
skills,healarrow,치유 화살,1,3,3,9,True,,,,,,,,946.4,6.4,,,,,,,,,,,946.4,6.4,,,,,,,,,,,,,,,,,,,,,
skills,bless,축복의 화살,2,1,1,1,True,,,,,,,,0,9,,,,,,,,,,,0,9,,,,,,,,,,,,,,,,,,,,,
skills,bless,축복의 화살,2,1,2,3,True,,,,,,,,0,8.1,,,,,,,,,,,0,8.1,,,,,,,,,,,,,,,,,,,,,
skills,bless,축복의 화살,2,1,3,9,True,,,,,,,,0,7.2,,,,,,,,,,,0,7.2,,,,,,,,,,,,,,,,,,,,,
skills,bless,축복의 화살,2,2,1,1,True,,,,,,,,0,9,,,,,,,,,,,0,9,,,,,,,,,,,,,,,,,,,,,
skills,bless,축복의 화살,2,2,2,3,True,,,,,,,,0,8.1,,,,,,,,,,,0,8.1,,,,,,,,,,,,,,,,,,,,,
skills,bless,축복의 화살,2,2,3,9,True,,,,,,,,0,7.2,,,,,,,,,,,0,7.2,,,,,,,,,,,,,,,,,,,,,
skills,bless,축복의 화살,2,3,1,1,True,,,,,,,,0,9,,,,,,,,,,,0,9,,,,,,,,,,,,,,,,,,,,,
skills,bless,축복의 화살,2,3,2,3,True,,,,,,,,0,8.1,,,,,,,,,,,0,8.1,,,,,,,,,,,,,,,,,,,,,
skills,bless,축복의 화살,2,3,3,9,True,,,,,,,,0,7.2,,,,,,,,,,,0,7.2,,,,,,,,,,,,,,,,,,,,,
skills,spread,산탄 사격,1,1,1,1,True,,,,,,,,150,8,,,,,,,,,,,150,8,,,,,,,,,,,,,,,,,,,,,
skills,spread,산탄 사격,1,1,2,3,True,,,,,,,,255,7.2,,,,,,,,,,,255,7.2,,,,,,,,,,,,,,,,,,,,,
skills,spread,산탄 사격,1,1,3,9,True,,,,,,,,390,6.4,,,,,,,,,,,390,6.4,,,,,,,,,,,,,,,,,,,,,
skills,spread,산탄 사격,1,2,1,1,True,,,,,,,,255,8,,,,,,,,,,,255,8,,,,,,,,,,,,,,,,,,,,,
skills,spread,산탄 사격,1,2,2,3,True,,,,,,,,433.5,7.2,,,,,,,,,,,433.5,7.2,,,,,,,,,,,,,,,,,,,,,
skills,spread,산탄 사격,1,2,3,9,True,,,,,,,,663,6.4,,,,,,,,,,,663,6.4,,,,,,,,,,,,,,,,,,,,,
skills,spread,산탄 사격,1,3,1,1,True,,,,,,,,420,8,,,,,,,,,,,420,8,,,,,,,,,,,,,,,,,,,,,
skills,spread,산탄 사격,1,3,2,3,True,,,,,,,,714,7.2,,,,,,,,,,,714,7.2,,,,,,,,,,,,,,,,,,,,,
skills,spread,산탄 사격,1,3,3,9,True,,,,,,,,1092,6.4,,,,,,,,,,,1092,6.4,,,,,,,,,,,,,,,,,,,,,
skills,horn,지휘 나팔,3,1,1,1,True,,,,,,,,0,11,5,,,,,,,,,,0,11,5,,,,,,,,,,,,,,,,,,,,
skills,horn,지휘 나팔,3,1,2,3,True,,,,,,,,0,9.9,5,,,,,,,,,,0,9.9,5,,,,,,,,,,,,,,,,,,,,
skills,horn,지휘 나팔,3,1,3,9,True,,,,,,,,0,8.8,5,,,,,,,,,,0,8.8,5,,,,,,,,,,,,,,,,,,,,
skills,horn,지휘 나팔,3,2,1,1,True,,,,,,,,0,11,5,,,,,,,,,,0,11,5,,,,,,,,,,,,,,,,,,,,
skills,horn,지휘 나팔,3,2,2,3,True,,,,,,,,0,9.9,5,,,,,,,,,,0,9.9,5,,,,,,,,,,,,,,,,,,,,
skills,horn,지휘 나팔,3,2,3,9,True,,,,,,,,0,8.8,5,,,,,,,,,,0,8.8,5,,,,,,,,,,,,,,,,,,,,
skills,horn,지휘 나팔,3,3,1,1,True,,,,,,,,0,11,5,,,,,,,,,,0,11,5,,,,,,,,,,,,,,,,,,,,
skills,horn,지휘 나팔,3,3,2,3,True,,,,,,,,0,9.9,5,,,,,,,,,,0,9.9,5,,,,,,,,,,,,,,,,,,,,
skills,horn,지휘 나팔,3,3,3,9,True,,,,,,,,0,8.8,5,,,,,,,,,,0,8.8,5,,,,,,,,,,,,,,,,,,,,
skills,chain,연쇄 번개,2,1,1,1,True,,,,,,,,205,10,,,,,,,,,,,205,10,,,,,,,,,,,,,,,,,,,,,
skills,chain,연쇄 번개,2,1,2,3,True,,,,,,,,348.5,9,,,,,,,,,,,348.5,9,,,,,,,,,,,,,,,,,,,,,
skills,chain,연쇄 번개,2,1,3,9,True,,,,,,,,533,8,,,,,,,,,,,533,8,,,,,,,,,,,,,,,,,,,,,
skills,chain,연쇄 번개,2,2,1,1,True,,,,,,,,348.5,10,,,,,,,,,,,348.5,10,,,,,,,,,,,,,,,,,,,,,
skills,chain,연쇄 번개,2,2,2,3,True,,,,,,,,592.4499999999999,9,,,,,,,,,,,592.4499999999999,9,,,,,,,,,,,,,,,,,,,,,
skills,chain,연쇄 번개,2,2,3,9,True,,,,,,,,906.1,8,,,,,,,,,,,906.1,8,,,,,,,,,,,,,,,,,,,,,
skills,chain,연쇄 번개,2,3,1,1,True,,,,,,,,574,10,,,,,,,,,,,574,10,,,,,,,,,,,,,,,,,,,,,
skills,chain,연쇄 번개,2,3,2,3,True,,,,,,,,975.8,9,,,,,,,,,,,975.8,9,,,,,,,,,,,,,,,,,,,,,
skills,chain,연쇄 번개,2,3,3,9,True,,,,,,,,1492.4,8,,,,,,,,,,,1492.4,8,,,,,,,,,,,,,,,,,,,,,
skills,meteor,메테오,3,1,1,1,True,,,,,,,,320,13,,,,,,,,,,,320,13,,,,,,,,,,,,,,,,,,,,,
skills,meteor,메테오,3,1,2,3,True,,,,,,,,544,11.700000000000001,,,,,,,,,,,544,11.700000000000001,,,,,,,,,,,,,,,,,,,,,
skills,meteor,메테오,3,1,3,9,True,,,,,,,,832,10.4,,,,,,,,,,,832,10.4,,,,,,,,,,,,,,,,,,,,,
skills,meteor,메테오,3,2,1,1,True,,,,,,,,544,13,,,,,,,,,,,544,13,,,,,,,,,,,,,,,,,,,,,
skills,meteor,메테오,3,2,2,3,True,,,,,,,,924.8,11.700000000000001,,,,,,,,,,,924.8,11.700000000000001,,,,,,,,,,,,,,,,,,,,,
skills,meteor,메테오,3,2,3,9,True,,,,,,,,1414.4,10.4,,,,,,,,,,,1414.4,10.4,,,,,,,,,,,,,,,,,,,,,
skills,meteor,메테오,3,3,1,1,True,,,,,,,,896,13,,,,,,,,,,,896,13,,,,,,,,,,,,,,,,,,,,,
skills,meteor,메테오,3,3,2,3,True,,,,,,,,1523.2,11.700000000000001,,,,,,,,,,,1523.2,11.700000000000001,,,,,,,,,,,,,,,,,,,,,
skills,meteor,메테오,3,3,3,9,True,,,,,,,,2329.6,10.4,,,,,,,,,,,2329.6,10.4,,,,,,,,,,,,,,,,,,,,,
skills,ice,얼음 창,1,1,1,1,True,,,,,,,,330,8,,,,,,,,,,,330,8,,,,,,,,,,,,,,,,,,,,,
skills,ice,얼음 창,1,1,2,3,True,,,,,,,,561,7.2,,,,,,,,,,,561,7.2,,,,,,,,,,,,,,,,,,,,,
skills,ice,얼음 창,1,1,3,9,True,,,,,,,,858,6.4,,,,,,,,,,,858,6.4,,,,,,,,,,,,,,,,,,,,,
skills,ice,얼음 창,1,2,1,1,True,,,,,,,,561,8,,,,,,,,,,,561,8,,,,,,,,,,,,,,,,,,,,,
skills,ice,얼음 창,1,2,2,3,True,,,,,,,,953.6999999999999,7.2,,,,,,,,,,,953.6999999999999,7.2,,,,,,,,,,,,,,,,,,,,,
skills,ice,얼음 창,1,2,3,9,True,,,,,,,,1458.6000000000001,6.4,,,,,,,,,,,1458.6000000000001,6.4,,,,,,,,,,,,,,,,,,,,,
skills,ice,얼음 창,1,3,1,1,True,,,,,,,,923.9999999999999,8,,,,,,,,,,,923.9999999999999,8,,,,,,,,,,,,,,,,,,,,,
skills,ice,얼음 창,1,3,2,3,True,,,,,,,,1570.7999999999997,7.2,,,,,,,,,,,1570.7999999999997,7.2,,,,,,,,,,,,,,,,,,,,,
skills,ice,얼음 창,1,3,3,9,True,,,,,,,,2402.3999999999996,6.4,,,,,,,,,,,2402.3999999999996,6.4,,,,,,,,,,,,,,,,,,,,,
skills,blizzard,눈보라,3,1,1,1,True,,,,,,,,170,13,,,,,,,,,,,170,13,,,,,,,,,,,,,,,,,,,,,
skills,blizzard,눈보라,3,1,2,3,True,,,,,,,,289,11.700000000000001,,,,,,,,,,,289,11.700000000000001,,,,,,,,,,,,,,,,,,,,,
skills,blizzard,눈보라,3,1,3,9,True,,,,,,,,442,10.4,,,,,,,,,,,442,10.4,,,,,,,,,,,,,,,,,,,,,
skills,blizzard,눈보라,3,2,1,1,True,,,,,,,,289,13,,,,,,,,,,,289,13,,,,,,,,,,,,,,,,,,,,,
skills,blizzard,눈보라,3,2,2,3,True,,,,,,,,491.3,11.700000000000001,,,,,,,,,,,491.3,11.700000000000001,,,,,,,,,,,,,,,,,,,,,
skills,blizzard,눈보라,3,2,3,9,True,,,,,,,,751.4,10.4,,,,,,,,,,,751.4,10.4,,,,,,,,,,,,,,,,,,,,,
skills,blizzard,눈보라,3,3,1,1,True,,,,,,,,475.99999999999994,13,,,,,,,,,,,475.99999999999994,13,,,,,,,,,,,,,,,,,,,,,
skills,blizzard,눈보라,3,3,2,3,True,,,,,,,,809.1999999999999,11.700000000000001,,,,,,,,,,,809.1999999999999,11.700000000000001,,,,,,,,,,,,,,,,,,,,,
skills,blizzard,눈보라,3,3,3,9,True,,,,,,,,1237.6,10.4,,,,,,,,,,,1237.6,10.4,,,,,,,,,,,,,,,,,,,,,
skills,aegis,신의 가호,3,1,1,1,True,,,,,,,,135,14,,,,,,,,,,,135,14,,,,,,,,,,,,,,,,,,,,,
skills,aegis,신의 가호,3,1,2,3,True,,,,,,,,229.5,12.6,,,,,,,,,,,229.5,12.6,,,,,,,,,,,,,,,,,,,,,
skills,aegis,신의 가호,3,1,3,9,True,,,,,,,,351,11.200000000000001,,,,,,,,,,,351,11.200000000000001,,,,,,,,,,,,,,,,,,,,,
skills,aegis,신의 가호,3,2,1,1,True,,,,,,,,229.5,14,,,,,,,,,,,229.5,14,,,,,,,,,,,,,,,,,,,,,
skills,aegis,신의 가호,3,2,2,3,True,,,,,,,,390.15,12.6,,,,,,,,,,,390.15,12.6,,,,,,,,,,,,,,,,,,,,,
skills,aegis,신의 가호,3,2,3,9,True,,,,,,,,596.7,11.200000000000001,,,,,,,,,,,596.7,11.200000000000001,,,,,,,,,,,,,,,,,,,,,
skills,aegis,신의 가호,3,3,1,1,True,,,,,,,,378,14,,,,,,,,,,,378,14,,,,,,,,,,,,,,,,,,,,,
skills,aegis,신의 가호,3,3,2,3,True,,,,,,,,642.6,12.6,,,,,,,,,,,642.6,12.6,,,,,,,,,,,,,,,,,,,,,
skills,aegis,신의 가호,3,3,3,9,True,,,,,,,,982.8000000000001,11.200000000000001,,,,,,,,,,,982.8000000000001,11.200000000000001,,,,,,,,,,,,,,,,,,,,,
skills,frostnova,서리 폭발,2,1,1,1,True,,,,,,,,500,10,,,,,,,,,,,500,10,,,,,,,,,,,,,,,,,,,,,
skills,frostnova,서리 폭발,2,1,2,3,True,,,,,,,,850,9,,,,,,,,,,,850,9,,,,,,,,,,,,,,,,,,,,,
skills,frostnova,서리 폭발,2,1,3,9,True,,,,,,,,1300,8,,,,,,,,,,,1300,8,,,,,,,,,,,,,,,,,,,,,
skills,frostnova,서리 폭발,2,2,1,1,True,,,,,,,,850,10,,,,,,,,,,,850,10,,,,,,,,,,,,,,,,,,,,,
skills,frostnova,서리 폭발,2,2,2,3,True,,,,,,,,1445,9,,,,,,,,,,,1445,9,,,,,,,,,,,,,,,,,,,,,
skills,frostnova,서리 폭발,2,2,3,9,True,,,,,,,,2210,8,,,,,,,,,,,2210,8,,,,,,,,,,,,,,,,,,,,,
skills,frostnova,서리 폭발,2,3,1,1,True,,,,,,,,1400,10,,,,,,,,,,,1400,10,,,,,,,,,,,,,,,,,,,,,
skills,frostnova,서리 폭발,2,3,2,3,True,,,,,,,,2380,9,,,,,,,,,,,2380,9,,,,,,,,,,,,,,,,,,,,,
skills,frostnova,서리 폭발,2,3,3,9,True,,,,,,,,3640,8,,,,,,,,,,,3640,8,,,,,,,,,,,,,,,,,,,,,
skills,timewarp,시간 왜곡,3,1,1,1,True,,,,,,,,0,14,5,,,,,,,,,,0,14,5,,,,,,,,,,,,,,,,,,,,
skills,timewarp,시간 왜곡,3,1,2,3,True,,,,,,,,0,12.6,5,,,,,,,,,,0,12.6,5,,,,,,,,,,,,,,,,,,,,
skills,timewarp,시간 왜곡,3,1,3,9,True,,,,,,,,0,11.200000000000001,5,,,,,,,,,,0,11.200000000000001,5,,,,,,,,,,,,,,,,,,,,
skills,timewarp,시간 왜곡,3,2,1,1,True,,,,,,,,0,14,5,,,,,,,,,,0,14,5,,,,,,,,,,,,,,,,,,,,
skills,timewarp,시간 왜곡,3,2,2,3,True,,,,,,,,0,12.6,5,,,,,,,,,,0,12.6,5,,,,,,,,,,,,,,,,,,,,
skills,timewarp,시간 왜곡,3,2,3,9,True,,,,,,,,0,11.200000000000001,5,,,,,,,,,,0,11.200000000000001,5,,,,,,,,,,,,,,,,,,,,
skills,timewarp,시간 왜곡,3,3,1,1,True,,,,,,,,0,14,5,,,,,,,,,,0,14,5,,,,,,,,,,,,,,,,,,,,
skills,timewarp,시간 왜곡,3,3,2,3,True,,,,,,,,0,12.6,5,,,,,,,,,,0,12.6,5,,,,,,,,,,,,,,,,,,,,
skills,timewarp,시간 왜곡,3,3,3,9,True,,,,,,,,0,11.200000000000001,5,,,,,,,,,,0,11.200000000000001,5,,,,,,,,,,,,,,,,,,,,
skills,aid,응급 처치,1,1,1,1,True,,,,,,,,220,10,,,,,,,,,,,220,10,,,,,,,,,,,,,,,,,,,,,
skills,aid,응급 처치,1,1,2,3,True,,,,,,,,374,9,,,,,,,,,,,374,9,,,,,,,,,,,,,,,,,,,,,
skills,aid,응급 처치,1,1,3,9,True,,,,,,,,572,8,,,,,,,,,,,572,8,,,,,,,,,,,,,,,,,,,,,
skills,aid,응급 처치,1,2,1,1,True,,,,,,,,374,10,,,,,,,,,,,374,10,,,,,,,,,,,,,,,,,,,,,
skills,aid,응급 처치,1,2,2,3,True,,,,,,,,635.8,9,,,,,,,,,,,635.8,9,,,,,,,,,,,,,,,,,,,,,
skills,aid,응급 처치,1,2,3,9,True,,,,,,,,972.4,8,,,,,,,,,,,972.4,8,,,,,,,,,,,,,,,,,,,,,
skills,aid,응급 처치,1,3,1,1,True,,,,,,,,616,10,,,,,,,,,,,616,10,,,,,,,,,,,,,,,,,,,,,
skills,aid,응급 처치,1,3,2,3,True,,,,,,,,1047.2,9,,,,,,,,,,,1047.2,9,,,,,,,,,,,,,,,,,,,,,
skills,aid,응급 처치,1,3,3,9,True,,,,,,,,1601.6000000000001,8,,,,,,,,,,,1601.6000000000001,8,,,,,,,,,,,,,,,,,,,,,
skills,warcry,전투 함성,1,1,1,1,True,,,,,,,,0,8,6,,,,,,,,,,0,8,6,,,,,,,,,,,,,,,,,,,,
skills,warcry,전투 함성,1,1,2,3,True,,,,,,,,0,7.2,6,,,,,,,,,,0,7.2,6,,,,,,,,,,,,,,,,,,,,
skills,warcry,전투 함성,1,1,3,9,True,,,,,,,,0,6.4,6,,,,,,,,,,0,6.4,6,,,,,,,,,,,,,,,,,,,,
skills,warcry,전투 함성,1,2,1,1,True,,,,,,,,0,8,6,,,,,,,,,,0,8,6,,,,,,,,,,,,,,,,,,,,
skills,warcry,전투 함성,1,2,2,3,True,,,,,,,,0,7.2,6,,,,,,,,,,0,7.2,6,,,,,,,,,,,,,,,,,,,,
skills,warcry,전투 함성,1,2,3,9,True,,,,,,,,0,6.4,6,,,,,,,,,,0,6.4,6,,,,,,,,,,,,,,,,,,,,
skills,warcry,전투 함성,1,3,1,1,True,,,,,,,,0,8,6,,,,,,,,,,0,8,6,,,,,,,,,,,,,,,,,,,,
skills,warcry,전투 함성,1,3,2,3,True,,,,,,,,0,7.2,6,,,,,,,,,,0,7.2,6,,,,,,,,,,,,,,,,,,,,
skills,warcry,전투 함성,1,3,3,9,True,,,,,,,,0,6.4,6,,,,,,,,,,0,6.4,6,,,,,,,,,,,,,,,,,,,,
skills,adrenaline,아드레날린,2,1,1,1,True,,,,,,,,0,12,5,,,,,,,,,,0,12,5,,,,,,,,,,,,,,,,,,,,
skills,adrenaline,아드레날린,2,1,2,3,True,,,,,,,,0,10.8,5,,,,,,,,,,0,10.8,5,,,,,,,,,,,,,,,,,,,,
skills,adrenaline,아드레날린,2,1,3,9,True,,,,,,,,0,9.600000000000001,5,,,,,,,,,,0,9.600000000000001,5,,,,,,,,,,,,,,,,,,,,
skills,adrenaline,아드레날린,2,2,1,1,True,,,,,,,,0,12,5,,,,,,,,,,0,12,5,,,,,,,,,,,,,,,,,,,,
skills,adrenaline,아드레날린,2,2,2,3,True,,,,,,,,0,10.8,5,,,,,,,,,,0,10.8,5,,,,,,,,,,,,,,,,,,,,
skills,adrenaline,아드레날린,2,2,3,9,True,,,,,,,,0,9.600000000000001,5,,,,,,,,,,0,9.600000000000001,5,,,,,,,,,,,,,,,,,,,,
skills,adrenaline,아드레날린,2,3,1,1,True,,,,,,,,0,12,5,,,,,,,,,,0,12,5,,,,,,,,,,,,,,,,,,,,
skills,adrenaline,아드레날린,2,3,2,3,True,,,,,,,,0,10.8,5,,,,,,,,,,0,10.8,5,,,,,,,,,,,,,,,,,,,,
skills,adrenaline,아드레날린,2,3,3,9,True,,,,,,,,0,9.600000000000001,5,,,,,,,,,,0,9.600000000000001,5,,,,,,,,,,,,,,,,,,,,
skills,heavy,혼신의 일격,1,1,1,1,True,,,,,,,,1.8,5,,,,,,,,,,,2,5,,,,,,,,,,,,,,,,,,,,,
skills,heavy,혼신의 일격,1,1,2,3,True,,,,,,,,3.06,4.5,,,,,,,,,,,3.4,4.5,,,,,,,,,,,,,,,,,,,,,
skills,heavy,혼신의 일격,1,1,3,9,True,,,,,,,,4.680000000000001,4,,,,,,,,,,,5.2,4,,,,,,,,,,,,,,,,,,,,,
skills,heavy,혼신의 일격,1,2,1,1,True,,,,,,,,3.06,5,,,,,,,,,,,3.4,5,,,,,,,,,,,,,,,,,,,,,
skills,heavy,혼신의 일격,1,2,2,3,True,,,,,,,,5.202,4.5,,,,,,,,,,,5.779999999999999,4.5,,,,,,,,,,,,,,,,,,,,,
skills,heavy,혼신의 일격,1,2,3,9,True,,,,,,,,7.956,4,,,,,,,,,,,8.84,4,,,,,,,,,,,,,,,,,,,,,
skills,heavy,혼신의 일격,1,3,1,1,True,,,,,,,,5.04,5,,,,,,,,,,,5.6,5,,,,,,,,,,,,,,,,,,,,,
skills,heavy,혼신의 일격,1,3,2,3,True,,,,,,,,8.568,4.5,,,,,,,,,,,9.52,4.5,,,,,,,,,,,,,,,,,,,,,
skills,heavy,혼신의 일격,1,3,3,9,True,,,,,,,,13.104000000000001,4,,,,,,,,,,,14.559999999999999,4,,,,,,,,,,,,,,,,,,,,,
skills,secondwind,재정비,2,1,1,1,True,,,,,,,,300,12,,,,,,,,,,,300,12,,,,,,,,,,,,,,,,,,,,,
skills,secondwind,재정비,2,1,2,3,True,,,,,,,,510,10.8,,,,,,,,,,,510,10.8,,,,,,,,,,,,,,,,,,,,,
skills,secondwind,재정비,2,1,3,9,True,,,,,,,,780,9.600000000000001,,,,,,,,,,,780,9.600000000000001,,,,,,,,,,,,,,,,,,,,,
skills,secondwind,재정비,2,2,1,1,True,,,,,,,,510,12,,,,,,,,,,,510,12,,,,,,,,,,,,,,,,,,,,,
skills,secondwind,재정비,2,2,2,3,True,,,,,,,,867,10.8,,,,,,,,,,,867,10.8,,,,,,,,,,,,,,,,,,,,,
skills,secondwind,재정비,2,2,3,9,True,,,,,,,,1326,9.600000000000001,,,,,,,,,,,1326,9.600000000000001,,,,,,,,,,,,,,,,,,,,,
skills,secondwind,재정비,2,3,1,1,True,,,,,,,,840,12,,,,,,,,,,,840,12,,,,,,,,,,,,,,,,,,,,,
skills,secondwind,재정비,2,3,2,3,True,,,,,,,,1428,10.8,,,,,,,,,,,1428,10.8,,,,,,,,,,,,,,,,,,,,,
skills,secondwind,재정비,2,3,3,9,True,,,,,,,,2184,9.600000000000001,,,,,,,,,,,2184,9.600000000000001,,,,,,,,,,,,,,,,,,,,,
skills,shatter,파쇄 일격,4,1,1,1,True,,,,,,,,360,13,,,,,,,,,,,360,13,,,,,,,,,,,,,,,,,,,,,
skills,shatter,파쇄 일격,4,1,2,3,True,,,,,,,,612,11.700000000000001,,,,,,,,,,,612,11.700000000000001,,,,,,,,,,,,,,,,,,,,,
skills,shatter,파쇄 일격,4,1,3,9,True,,,,,,,,936,10.4,,,,,,,,,,,936,10.4,,,,,,,,,,,,,,,,,,,,,
skills,shatter,파쇄 일격,4,2,1,1,True,,,,,,,,612,13,,,,,,,,,,,612,13,,,,,,,,,,,,,,,,,,,,,
skills,shatter,파쇄 일격,4,2,2,3,True,,,,,,,,1040.3999999999999,11.700000000000001,,,,,,,,,,,1040.3999999999999,11.700000000000001,,,,,,,,,,,,,,,,,,,,,
skills,shatter,파쇄 일격,4,2,3,9,True,,,,,,,,1591.2,10.4,,,,,,,,,,,1591.2,10.4,,,,,,,,,,,,,,,,,,,,,
skills,shatter,파쇄 일격,4,3,1,1,True,,,,,,,,1007.9999999999999,13,,,,,,,,,,,1007.9999999999999,13,,,,,,,,,,,,,,,,,,,,,
skills,shatter,파쇄 일격,4,3,2,3,True,,,,,,,,1713.5999999999997,11.700000000000001,,,,,,,,,,,1713.5999999999997,11.700000000000001,,,,,,,,,,,,,,,,,,,,,
skills,shatter,파쇄 일격,4,3,3,9,True,,,,,,,,2620.7999999999997,10.4,,,,,,,,,,,2620.7999999999997,10.4,,,,,,,,,,,,,,,,,,,,,
skills,execution,처형,4,1,1,1,True,,,,,,,,520,11,,,,,,,,,,,620,11,,,,,,,,,,,,,,,,,,,,,
skills,execution,처형,4,1,2,3,True,,,,,,,,884,9.9,,,,,,,,,,,1054,9.9,,,,,,,,,,,,,,,,,,,,,
skills,execution,처형,4,1,3,9,True,,,,,,,,1352,8.8,,,,,,,,,,,1612,8.8,,,,,,,,,,,,,,,,,,,,,
skills,execution,처형,4,2,1,1,True,,,,,,,,884,11,,,,,,,,,,,1054,11,,,,,,,,,,,,,,,,,,,,,
skills,execution,처형,4,2,2,3,True,,,,,,,,1502.8,9.9,,,,,,,,,,,1791.8,9.9,,,,,,,,,,,,,,,,,,,,,
skills,execution,처형,4,2,3,9,True,,,,,,,,2298.4,8.8,,,,,,,,,,,2740.4,8.8,,,,,,,,,,,,,,,,,,,,,
skills,execution,처형,4,3,1,1,True,,,,,,,,1456,11,,,,,,,,,,,1736,11,,,,,,,,,,,,,,,,,,,,,
skills,execution,처형,4,3,2,3,True,,,,,,,,2475.2,9.9,,,,,,,,,,,2951.2,9.9,,,,,,,,,,,,,,,,,,,,,
skills,execution,처형,4,3,3,9,True,,,,,,,,3785.6,8.8,,,,,,,,,,,4513.6,8.8,,,,,,,,,,,,,,,,,,,,,
skills,resolve,결의,4,1,1,1,True,,,,,,,,0,11,6,,0.2,,,,,,,,0,11,6,,0.4,,,,,,,,,,,,,,,,,,
skills,resolve,결의,4,1,2,3,True,,,,,,,,0,9.9,6,,0.2,,,,,,,,0,9.9,6,,0.45,,,,,,,,,,,,,,,,,,
skills,resolve,결의,4,1,3,9,True,,,,,,,,0,8.8,6,,0.2,,,,,,,,0,8.8,6,,0.5,,,,,,,,,,,,,,,,,,
skills,resolve,결의,4,2,1,1,True,,,,,,,,0,11,6,,0.2,,,,,,,,0,11,6,,0.4,,,,,,,,,,,,,,,,,,
skills,resolve,결의,4,2,2,3,True,,,,,,,,0,9.9,6,,0.2,,,,,,,,0,9.9,6,,0.45,,,,,,,,,,,,,,,,,,
skills,resolve,결의,4,2,3,9,True,,,,,,,,0,8.8,6,,0.2,,,,,,,,0,8.8,6,,0.5,,,,,,,,,,,,,,,,,,
skills,resolve,결의,4,3,1,1,True,,,,,,,,0,11,6,,0.2,,,,,,,,0,11,6,,0.4,,,,,,,,,,,,,,,,,,
skills,resolve,결의,4,3,2,3,True,,,,,,,,0,9.9,6,,0.2,,,,,,,,0,9.9,6,,0.45,,,,,,,,,,,,,,,,,,
skills,resolve,결의,4,3,3,9,True,,,,,,,,0,8.8,6,,0.2,,,,,,,,0,8.8,6,,0.5,,,,,,,,,,,,,,,,,,
skills,thunder,뇌우,4,1,1,1,True,,,,,,,,340,14,,,,,,,,,,,340,14,,,,,,,,,,,,,,,,,,,,,
skills,thunder,뇌우,4,1,2,3,True,,,,,,,,578,12.6,,,,,,,,,,,578,12.6,,,,,,,,,,,,,,,,,,,,,
skills,thunder,뇌우,4,1,3,9,True,,,,,,,,884,11.200000000000001,,,,,,,,,,,884,11.200000000000001,,,,,,,,,,,,,,,,,,,,,
skills,thunder,뇌우,4,2,1,1,True,,,,,,,,578,14,,,,,,,,,,,578,14,,,,,,,,,,,,,,,,,,,,,
skills,thunder,뇌우,4,2,2,3,True,,,,,,,,982.6,12.6,,,,,,,,,,,982.6,12.6,,,,,,,,,,,,,,,,,,,,,
skills,thunder,뇌우,4,2,3,9,True,,,,,,,,1502.8,11.200000000000001,,,,,,,,,,,1502.8,11.200000000000001,,,,,,,,,,,,,,,,,,,,,
skills,thunder,뇌우,4,3,1,1,True,,,,,,,,951.9999999999999,14,,,,,,,,,,,951.9999999999999,14,,,,,,,,,,,,,,,,,,,,,
skills,thunder,뇌우,4,3,2,3,True,,,,,,,,1618.3999999999999,12.6,,,,,,,,,,,1618.3999999999999,12.6,,,,,,,,,,,,,,,,,,,,,
skills,thunder,뇌우,4,3,3,9,True,,,,,,,,2475.2,11.200000000000001,,,,,,,,,,,2475.2,11.200000000000001,,,,,,,,,,,,,,,,,,,,,
skills,quakeking,대지 붕괴,5,1,1,1,True,,,,,,,,400,15,,,,,,,,,,,400,15,,,,,,,,,,,,,,,,,,,,,
skills,quakeking,대지 붕괴,5,1,2,3,True,,,,,,,,680,13.5,,,,,,,,,,,680,13.5,,,,,,,,,,,,,,,,,,,,,
skills,quakeking,대지 붕괴,5,1,3,9,True,,,,,,,,1040,12,,,,,,,,,,,1040,12,,,,,,,,,,,,,,,,,,,,,
skills,quakeking,대지 붕괴,5,2,1,1,True,,,,,,,,680,15,,,,,,,,,,,680,15,,,,,,,,,,,,,,,,,,,,,
skills,quakeking,대지 붕괴,5,2,2,3,True,,,,,,,,1156,13.5,,,,,,,,,,,1156,13.5,,,,,,,,,,,,,,,,,,,,,
skills,quakeking,대지 붕괴,5,2,3,9,True,,,,,,,,1768,12,,,,,,,,,,,1768,12,,,,,,,,,,,,,,,,,,,,,
skills,quakeking,대지 붕괴,5,3,1,1,True,,,,,,,,1120,15,,,,,,,,,,,1120,15,,,,,,,,,,,,,,,,,,,,,
skills,quakeking,대지 붕괴,5,3,2,3,True,,,,,,,,1904,13.5,,,,,,,,,,,1904,13.5,,,,,,,,,,,,,,,,,,,,,
skills,quakeking,대지 붕괴,5,3,3,9,True,,,,,,,,2912,12,,,,,,,,,,,2912,12,,,,,,,,,,,,,,,,,,,,,
skills,cataclysm,종말의 불꽃,5,1,1,1,True,,,,,,,,340,18,,,,,,,,,,,340,18,,,,,,,,,,,,,,,,,,,,,
skills,cataclysm,종말의 불꽃,5,1,2,3,True,,,,,,,,578,16.2,,,,,,,,,,,578,16.2,,,,,,,,,,,,,,,,,,,,,
skills,cataclysm,종말의 불꽃,5,1,3,9,True,,,,,,,,884,14.4,,,,,,,,,,,884,14.4,,,,,,,,,,,,,,,,,,,,,
skills,cataclysm,종말의 불꽃,5,2,1,1,True,,,,,,,,578,18,,,,,,,,,,,578,18,,,,,,,,,,,,,,,,,,,,,
skills,cataclysm,종말의 불꽃,5,2,2,3,True,,,,,,,,982.6,16.2,,,,,,,,,,,982.6,16.2,,,,,,,,,,,,,,,,,,,,,
skills,cataclysm,종말의 불꽃,5,2,3,9,True,,,,,,,,1502.8,14.4,,,,,,,,,,,1502.8,14.4,,,,,,,,,,,,,,,,,,,,,
skills,cataclysm,종말의 불꽃,5,3,1,1,True,,,,,,,,951.9999999999999,18,,,,,,,,,,,951.9999999999999,18,,,,,,,,,,,,,,,,,,,,,
skills,cataclysm,종말의 불꽃,5,3,2,3,True,,,,,,,,1618.3999999999999,16.2,,,,,,,,,,,1618.3999999999999,16.2,,,,,,,,,,,,,,,,,,,,,
skills,cataclysm,종말의 불꽃,5,3,3,9,True,,,,,,,,2475.2,14.4,,,,,,,,,,,2475.2,14.4,,,,,,,,,,,,,,,,,,,,,
skills,firearrow,불화살,1,1,1,1,True,,,,,,,,60,5,,,,,,,,,,,60,5,,,,,,,,,,,,,,,,,,,,,
skills,firearrow,불화살,1,1,2,3,True,,,,,,,,102,4.5,,,,,,,,,,,102,4.5,,,,,,,,,,,,,,,,,,,,,
skills,firearrow,불화살,1,1,3,9,True,,,,,,,,156,4,,,,,,,,,,,156,4,,,,,,,,,,,,,,,,,,,,,
skills,firearrow,불화살,1,2,1,1,True,,,,,,,,102,5,,,,,,,,,,,102,5,,,,,,,,,,,,,,,,,,,,,
skills,firearrow,불화살,1,2,2,3,True,,,,,,,,173.4,4.5,,,,,,,,,,,173.4,4.5,,,,,,,,,,,,,,,,,,,,,
skills,firearrow,불화살,1,2,3,9,True,,,,,,,,265.2,4,,,,,,,,,,,265.2,4,,,,,,,,,,,,,,,,,,,,,
skills,firearrow,불화살,1,3,1,1,True,,,,,,,,168,5,,,,,,,,,,,168,5,,,,,,,,,,,,,,,,,,,,,
skills,firearrow,불화살,1,3,2,3,True,,,,,,,,285.59999999999997,4.5,,,,,,,,,,,285.59999999999997,4.5,,,,,,,,,,,,,,,,,,,,,
skills,firearrow,불화살,1,3,3,9,True,,,,,,,,436.8,4,,,,,,,,,,,436.8,4,,,,,,,,,,,,,,,,,,,,,
skills,anklearrow,발목 화살,1,1,1,1,True,,,,,,,,70,5,,,,,,,,,,,70,5,,,,,,,,,,,,,,,,,,,,,
skills,anklearrow,발목 화살,1,1,2,3,True,,,,,,,,119,4.5,,,,,,,,,,,119,4.5,,,,,,,,,,,,,,,,,,,,,
skills,anklearrow,발목 화살,1,1,3,9,True,,,,,,,,182,4,,,,,,,,,,,182,4,,,,,,,,,,,,,,,,,,,,,
skills,anklearrow,발목 화살,1,2,1,1,True,,,,,,,,119,5,,,,,,,,,,,119,5,,,,,,,,,,,,,,,,,,,,,
skills,anklearrow,발목 화살,1,2,2,3,True,,,,,,,,202.29999999999998,4.5,,,,,,,,,,,202.29999999999998,4.5,,,,,,,,,,,,,,,,,,,,,
skills,anklearrow,발목 화살,1,2,3,9,True,,,,,,,,309.40000000000003,4,,,,,,,,,,,309.40000000000003,4,,,,,,,,,,,,,,,,,,,,,
skills,anklearrow,발목 화살,1,3,1,1,True,,,,,,,,196,5,,,,,,,,,,,196,5,,,,,,,,,,,,,,,,,,,,,
skills,anklearrow,발목 화살,1,3,2,3,True,,,,,,,,333.2,4.5,,,,,,,,,,,333.2,4.5,,,,,,,,,,,,,,,,,,,,,
skills,anklearrow,발목 화살,1,3,3,9,True,,,,,,,,509.6,4,,,,,,,,,,,509.6,4,,,,,,,,,,,,,,,,,,,,,
skills,marktarget,표적 지정,1,1,1,1,True,,,,,,,,0,6,,3,,,,,,,,,0,6,,3,,,,,,,,,,,,,,,,,,,
skills,marktarget,표적 지정,1,1,2,3,True,,,,,,,,0,5.4,,3,,,,,,,,,0,5.4,,4,,,,,,,,,,,,,,,,,,,
skills,marktarget,표적 지정,1,1,3,9,True,,,,,,,,0,4.800000000000001,,3,,,,,,,,,0,4.800000000000001,,5,,,,,,,,,,,,,,,,,,,
skills,marktarget,표적 지정,1,2,1,1,True,,,,,,,,0,6,,3,,,,,,,,,0,6,,3,,,,,,,,,,,,,,,,,,,
skills,marktarget,표적 지정,1,2,2,3,True,,,,,,,,0,5.4,,3,,,,,,,,,0,5.4,,4,,,,,,,,,,,,,,,,,,,
skills,marktarget,표적 지정,1,2,3,9,True,,,,,,,,0,4.800000000000001,,3,,,,,,,,,0,4.800000000000001,,5,,,,,,,,,,,,,,,,,,,
skills,marktarget,표적 지정,1,3,1,1,True,,,,,,,,0,6,,3,,,,,,,,,0,6,,3,,,,,,,,,,,,,,,,,,,
skills,marktarget,표적 지정,1,3,2,3,True,,,,,,,,0,5.4,,3,,,,,,,,,0,5.4,,4,,,,,,,,,,,,,,,,,,,
skills,marktarget,표적 지정,1,3,3,9,True,,,,,,,,0,4.800000000000001,,3,,,,,,,,,0,4.800000000000001,,5,,,,,,,,,,,,,,,,,,,
skills,poisoncloud,독 구름 화살,2,1,1,1,True,,,,,,,,0,9,4,,,,,,,,,,0,9,4,,,,,,,,,,,,,,,,,,,,
skills,poisoncloud,독 구름 화살,2,1,2,3,True,,,,,,,,0,8.1,4,,,,,,,,,,0,8.1,4,,,,,,,,,,,,,,,,,,,,
skills,poisoncloud,독 구름 화살,2,1,3,9,True,,,,,,,,0,7.2,4,,,,,,,,,,0,7.2,4,,,,,,,,,,,,,,,,,,,,
skills,poisoncloud,독 구름 화살,2,2,1,1,True,,,,,,,,0,9,4,,,,,,,,,,0,9,4,,,,,,,,,,,,,,,,,,,,
skills,poisoncloud,독 구름 화살,2,2,2,3,True,,,,,,,,0,8.1,4,,,,,,,,,,0,8.1,4,,,,,,,,,,,,,,,,,,,,
skills,poisoncloud,독 구름 화살,2,2,3,9,True,,,,,,,,0,7.2,4,,,,,,,,,,0,7.2,4,,,,,,,,,,,,,,,,,,,,
skills,poisoncloud,독 구름 화살,2,3,1,1,True,,,,,,,,0,9,4,,,,,,,,,,0,9,4,,,,,,,,,,,,,,,,,,,,
skills,poisoncloud,독 구름 화살,2,3,2,3,True,,,,,,,,0,8.1,4,,,,,,,,,,0,8.1,4,,,,,,,,,,,,,,,,,,,,
skills,poisoncloud,독 구름 화살,2,3,3,9,True,,,,,,,,0,7.2,4,,,,,,,,,,0,7.2,4,,,,,,,,,,,,,,,,,,,,
skills,boomerang,부메랑 화살,2,1,1,1,True,,,,,,,,100,5,,,,,,,,,,,100,5,,,,,,,,,,,,,,,,,,,,,
skills,boomerang,부메랑 화살,2,1,2,3,True,,,,,,,,170,4.5,,,,,,,,,,,170,4.5,,,,,,,,,,,,,,,,,,,,,
skills,boomerang,부메랑 화살,2,1,3,9,True,,,,,,,,260,4,,,,,,,,,,,260,4,,,,,,,,,,,,,,,,,,,,,
skills,boomerang,부메랑 화살,2,2,1,1,True,,,,,,,,170,5,,,,,,,,,,,170,5,,,,,,,,,,,,,,,,,,,,,
skills,boomerang,부메랑 화살,2,2,2,3,True,,,,,,,,289,4.5,,,,,,,,,,,289,4.5,,,,,,,,,,,,,,,,,,,,,
skills,boomerang,부메랑 화살,2,2,3,9,True,,,,,,,,442,4,,,,,,,,,,,442,4,,,,,,,,,,,,,,,,,,,,,
skills,boomerang,부메랑 화살,2,3,1,1,True,,,,,,,,280,5,,,,,,,,,,,280,5,,,,,,,,,,,,,,,,,,,,,
skills,boomerang,부메랑 화살,2,3,2,3,True,,,,,,,,476,4.5,,,,,,,,,,,476,4.5,,,,,,,,,,,,,,,,,,,,,
skills,boomerang,부메랑 화살,2,3,3,9,True,,,,,,,,728,4,,,,,,,,,,,728,4,,,,,,,,,,,,,,,,,,,,,
skills,smoke,연막탄,2,1,1,1,True,,,,,,,,0,10,,,,,,,,,,,0,10,,,,,,,,,,,,,,,,,,,,,
skills,smoke,연막탄,2,1,2,3,True,,,,,,,,0,9,,,,,,,,,,,0,9,,,,,,,,,,,,,,,,,,,,,
skills,smoke,연막탄,2,1,3,9,True,,,,,,,,0,8,,,,,,,,,,,0,8,,,,,,,,,,,,,,,,,,,,,
skills,smoke,연막탄,2,2,1,1,True,,,,,,,,0,10,,,,,,,,,,,0,10,,,,,,,,,,,,,,,,,,,,,
skills,smoke,연막탄,2,2,2,3,True,,,,,,,,0,9,,,,,,,,,,,0,9,,,,,,,,,,,,,,,,,,,,,
skills,smoke,연막탄,2,2,3,9,True,,,,,,,,0,8,,,,,,,,,,,0,8,,,,,,,,,,,,,,,,,,,,,
skills,smoke,연막탄,2,3,1,1,True,,,,,,,,0,10,,,,,,,,,,,0,10,,,,,,,,,,,,,,,,,,,,,
skills,smoke,연막탄,2,3,2,3,True,,,,,,,,0,9,,,,,,,,,,,0,9,,,,,,,,,,,,,,,,,,,,,
skills,smoke,연막탄,2,3,3,9,True,,,,,,,,0,8,,,,,,,,,,,0,8,,,,,,,,,,,,,,,,,,,,,
skills,windwalk,바람 걸음,2,1,1,1,True,,,,,,,,0,7,3,,,,,,,,,,0,7,3,,,,,,,,,,,,,,,,,,,,
skills,windwalk,바람 걸음,2,1,2,3,True,,,,,,,,0,6.3,3,,,,,,,,,,0,6.3,3.5,,,,,,,,,,,,,,,,,,,,
skills,windwalk,바람 걸음,2,1,3,9,True,,,,,,,,0,5.6000000000000005,3,,,,,,,,,,0,5.6000000000000005,4,,,,,,,,,,,,,,,,,,,,
skills,windwalk,바람 걸음,2,2,1,1,True,,,,,,,,0,7,3,,,,,,,,,,0,7,3,,,,,,,,,,,,,,,,,,,,
skills,windwalk,바람 걸음,2,2,2,3,True,,,,,,,,0,6.3,3,,,,,,,,,,0,6.3,3.5,,,,,,,,,,,,,,,,,,,,
skills,windwalk,바람 걸음,2,2,3,9,True,,,,,,,,0,5.6000000000000005,3,,,,,,,,,,0,5.6000000000000005,4,,,,,,,,,,,,,,,,,,,,
skills,windwalk,바람 걸음,2,3,1,1,True,,,,,,,,0,7,3,,,,,,,,,,0,7,3,,,,,,,,,,,,,,,,,,,,
skills,windwalk,바람 걸음,2,3,2,3,True,,,,,,,,0,6.3,3,,,,,,,,,,0,6.3,3.5,,,,,,,,,,,,,,,,,,,,
skills,windwalk,바람 걸음,2,3,3,9,True,,,,,,,,0,5.6000000000000005,3,,,,,,,,,,0,5.6000000000000005,4,,,,,,,,,,,,,,,,,,,,
skills,antiheal,치유 차단 화살,3,1,1,1,True,,,,,,,,0,9,,,,,,,,,,,0,9,,,,,,,,,,,,,,,,,,,,,
skills,antiheal,치유 차단 화살,3,1,2,3,True,,,,,,,,0,8.1,,,,,,,,,,,0,8.1,,,,,,,,,,,,,,,,,,,,,
skills,antiheal,치유 차단 화살,3,1,3,9,True,,,,,,,,0,7.2,,,,,,,,,,,0,7.2,,,,,,,,,,,,,,,,,,,,,
skills,antiheal,치유 차단 화살,3,2,1,1,True,,,,,,,,0,9,,,,,,,,,,,0,9,,,,,,,,,,,,,,,,,,,,,
skills,antiheal,치유 차단 화살,3,2,2,3,True,,,,,,,,0,8.1,,,,,,,,,,,0,8.1,,,,,,,,,,,,,,,,,,,,,
skills,antiheal,치유 차단 화살,3,2,3,9,True,,,,,,,,0,7.2,,,,,,,,,,,0,7.2,,,,,,,,,,,,,,,,,,,,,
skills,antiheal,치유 차단 화살,3,3,1,1,True,,,,,,,,0,9,,,,,,,,,,,0,9,,,,,,,,,,,,,,,,,,,,,
skills,antiheal,치유 차단 화살,3,3,2,3,True,,,,,,,,0,8.1,,,,,,,,,,,0,8.1,,,,,,,,,,,,,,,,,,,,,
skills,antiheal,치유 차단 화살,3,3,3,9,True,,,,,,,,0,7.2,,,,,,,,,,,0,7.2,,,,,,,,,,,,,,,,,,,,,
skills,net,그물 화살,3,1,1,1,True,,,,,,,,80,8,,,,,,,,,,,120,8,,,,,,,,,,,,,,,,,,,,,
skills,net,그물 화살,3,1,2,3,True,,,,,,,,136,7.2,,,,,,,,,,,204,7.2,,,,,,,,,,,,,,,,,,,,,
skills,net,그물 화살,3,1,3,9,True,,,,,,,,208,6.4,,,,,,,,,,,312,6.4,,,,,,,,,,,,,,,,,,,,,
skills,net,그물 화살,3,2,1,1,True,,,,,,,,136,8,,,,,,,,,,,204,8,,,,,,,,,,,,,,,,,,,,,
skills,net,그물 화살,3,2,2,3,True,,,,,,,,231.2,7.2,,,,,,,,,,,346.8,7.2,,,,,,,,,,,,,,,,,,,,,
skills,net,그물 화살,3,2,3,9,True,,,,,,,,353.6,6.4,,,,,,,,,,,530.4,6.4,,,,,,,,,,,,,,,,,,,,,
skills,net,그물 화살,3,3,1,1,True,,,,,,,,224,8,,,,,,,,,,,336,8,,,,,,,,,,,,,,,,,,,,,
skills,net,그물 화살,3,3,2,3,True,,,,,,,,380.8,7.2,,,,,,,,,,,571.1999999999999,7.2,,,,,,,,,,,,,,,,,,,,,
skills,net,그물 화살,3,3,3,9,True,,,,,,,,582.4,6.4,,,,,,,,,,,873.6,6.4,,,,,,,,,,,,,,,,,,,,,
skills,aimedshot,조준 저격,4,1,1,1,True,,,,,,,,900,12,,,,,,,,,,,1050,12,,,,,,,,,,,,,,,,,,,,,
skills,aimedshot,조준 저격,4,1,2,3,True,,,,,,,,1530,10.8,,,,,,,,,,,1785,10.8,,,,,,,,,,,,,,,,,,,,,
skills,aimedshot,조준 저격,4,1,3,9,True,,,,,,,,2340,9.600000000000001,,,,,,,,,,,2730,9.600000000000001,,,,,,,,,,,,,,,,,,,,,
skills,aimedshot,조준 저격,4,2,1,1,True,,,,,,,,1530,12,,,,,,,,,,,1785,12,,,,,,,,,,,,,,,,,,,,,
skills,aimedshot,조준 저격,4,2,2,3,True,,,,,,,,2601,10.8,,,,,,,,,,,3034.5,10.8,,,,,,,,,,,,,,,,,,,,,
skills,aimedshot,조준 저격,4,2,3,9,True,,,,,,,,3978,9.600000000000001,,,,,,,,,,,4641,9.600000000000001,,,,,,,,,,,,,,,,,,,,,
skills,aimedshot,조준 저격,4,3,1,1,True,,,,,,,,2520,12,,,,,,,,,,,2940,12,,,,,,,,,,,,,,,,,,,,,
skills,aimedshot,조준 저격,4,3,2,3,True,,,,,,,,4284,10.8,,,,,,,,,,,4998,10.8,,,,,,,,,,,,,,,,,,,,,
skills,aimedshot,조준 저격,4,3,3,9,True,,,,,,,,6552,9.600000000000001,,,,,,,,,,,7644,9.600000000000001,,,,,,,,,,,,,,,,,,,,,
skills,explosive,폭발 화살,4,1,1,1,True,,,,,,,,250,10,,,,,,,,,,,250,10,,,,,,,,,,,,,,,,,,,,,
skills,explosive,폭발 화살,4,1,2,3,True,,,,,,,,425,9,,,,,,,,,,,425,9,,,,,,,,,,,,,,,,,,,,,
skills,explosive,폭발 화살,4,1,3,9,True,,,,,,,,650,8,,,,,,,,,,,650,8,,,,,,,,,,,,,,,,,,,,,
skills,explosive,폭발 화살,4,2,1,1,True,,,,,,,,425,10,,,,,,,,,,,425,10,,,,,,,,,,,,,,,,,,,,,
skills,explosive,폭발 화살,4,2,2,3,True,,,,,,,,722.5,9,,,,,,,,,,,722.5,9,,,,,,,,,,,,,,,,,,,,,
skills,explosive,폭발 화살,4,2,3,9,True,,,,,,,,1105,8,,,,,,,,,,,1105,8,,,,,,,,,,,,,,,,,,,,,
skills,explosive,폭발 화살,4,3,1,1,True,,,,,,,,700,10,,,,,,,,,,,700,10,,,,,,,,,,,,,,,,,,,,,
skills,explosive,폭발 화살,4,3,2,3,True,,,,,,,,1190,9,,,,,,,,,,,1190,9,,,,,,,,,,,,,,,,,,,,,
skills,explosive,폭발 화살,4,3,3,9,True,,,,,,,,1820,8,,,,,,,,,,,1820,8,,,,,,,,,,,,,,,,,,,,,
skills,bindchain,결박 사슬,4,1,1,1,True,,,,,,,,0,12,6,,,,,,,,,,0,12,6,,,,,,,,,,,,,,,,,,,,
skills,bindchain,결박 사슬,4,1,2,3,True,,,,,,,,0,10.8,6,,,,,,,,,,0,10.8,7,,,,,,,,,,,,,,,,,,,,
skills,bindchain,결박 사슬,4,1,3,9,True,,,,,,,,0,9.600000000000001,6,,,,,,,,,,0,9.600000000000001,8,,,,,,,,,,,,,,,,,,,,
skills,bindchain,결박 사슬,4,2,1,1,True,,,,,,,,0,12,6,,,,,,,,,,0,12,6,,,,,,,,,,,,,,,,,,,,
skills,bindchain,결박 사슬,4,2,2,3,True,,,,,,,,0,10.8,6,,,,,,,,,,0,10.8,7,,,,,,,,,,,,,,,,,,,,
skills,bindchain,결박 사슬,4,2,3,9,True,,,,,,,,0,9.600000000000001,6,,,,,,,,,,0,9.600000000000001,8,,,,,,,,,,,,,,,,,,,,
skills,bindchain,결박 사슬,4,3,1,1,True,,,,,,,,0,12,6,,,,,,,,,,0,12,6,,,,,,,,,,,,,,,,,,,,
skills,bindchain,결박 사슬,4,3,2,3,True,,,,,,,,0,10.8,6,,,,,,,,,,0,10.8,7,,,,,,,,,,,,,,,,,,,,
skills,bindchain,결박 사슬,4,3,3,9,True,,,,,,,,0,9.600000000000001,6,,,,,,,,,,0,9.600000000000001,8,,,,,,,,,,,,,,,,,,,,
skills,stormeye,폭풍의 눈,5,1,1,1,True,,,,,,,,0,16,5,,,,,,,,,,0,16,5,,,,,,,,,,,,,,,,,,,,
skills,stormeye,폭풍의 눈,5,1,2,3,True,,,,,,,,0,14.4,5,,,,,,,,,,0,14.4,5.5,,,,,,,,,,,,,,,,,,,,
skills,stormeye,폭풍의 눈,5,1,3,9,True,,,,,,,,0,12.8,5,,,,,,,,,,0,12.8,6,,,,,,,,,,,,,,,,,,,,
skills,stormeye,폭풍의 눈,5,2,1,1,True,,,,,,,,0,16,5,,,,,,,,,,0,16,5,,,,,,,,,,,,,,,,,,,,
skills,stormeye,폭풍의 눈,5,2,2,3,True,,,,,,,,0,14.4,5,,,,,,,,,,0,14.4,5.5,,,,,,,,,,,,,,,,,,,,
skills,stormeye,폭풍의 눈,5,2,3,9,True,,,,,,,,0,12.8,5,,,,,,,,,,0,12.8,6,,,,,,,,,,,,,,,,,,,,
skills,stormeye,폭풍의 눈,5,3,1,1,True,,,,,,,,0,16,5,,,,,,,,,,0,16,5,,,,,,,,,,,,,,,,,,,,
skills,stormeye,폭풍의 눈,5,3,2,3,True,,,,,,,,0,14.4,5,,,,,,,,,,0,14.4,5.5,,,,,,,,,,,,,,,,,,,,
skills,stormeye,폭풍의 눈,5,3,3,9,True,,,,,,,,0,12.8,5,,,,,,,,,,0,12.8,6,,,,,,,,,,,,,,,,,,,,
skills,sureshot,신궁,5,1,1,1,True,,,,,,,,0,15,5,,,,,,,,,,0,15,5,,,,,,,,,,,,,,,,,,,,
skills,sureshot,신궁,5,1,2,3,True,,,,,,,,0,13.5,5,,,,,,,,,,0,13.5,5.5,,,,,,,,,,,,,,,,,,,,
skills,sureshot,신궁,5,1,3,9,True,,,,,,,,0,12,5,,,,,,,,,,0,12,6,,,,,,,,,,,,,,,,,,,,
skills,sureshot,신궁,5,2,1,1,True,,,,,,,,0,15,5,,,,,,,,,,0,15,5,,,,,,,,,,,,,,,,,,,,
skills,sureshot,신궁,5,2,2,3,True,,,,,,,,0,13.5,5,,,,,,,,,,0,13.5,5.5,,,,,,,,,,,,,,,,,,,,
skills,sureshot,신궁,5,2,3,9,True,,,,,,,,0,12,5,,,,,,,,,,0,12,6,,,,,,,,,,,,,,,,,,,,
skills,sureshot,신궁,5,3,1,1,True,,,,,,,,0,15,5,,,,,,,,,,0,15,5,,,,,,,,,,,,,,,,,,,,
skills,sureshot,신궁,5,3,2,3,True,,,,,,,,0,13.5,5,,,,,,,,,,0,13.5,5.5,,,,,,,,,,,,,,,,,,,,
skills,sureshot,신궁,5,3,3,9,True,,,,,,,,0,12,5,,,,,,,,,,0,12,6,,,,,,,,,,,,,,,,,,,,
skills,ignite,점화,1,1,1,1,True,,,,,,,,0,4,,,,,,,,,,,0,4,,,,,,,,,,,,,,,,,,,,,
skills,ignite,점화,1,1,2,3,True,,,,,,,,0,3.6,,,,,,,,,,,0,3.6,,,,,,,,,,,,,,,,,,,,,
skills,ignite,점화,1,1,3,9,True,,,,,,,,0,3.2,,,,,,,,,,,0,3.2,,,,,,,,,,,,,,,,,,,,,
skills,ignite,점화,1,2,1,1,True,,,,,,,,0,4,,,,,,,,,,,0,4,,,,,,,,,,,,,,,,,,,,,
skills,ignite,점화,1,2,2,3,True,,,,,,,,0,3.6,,,,,,,,,,,0,3.6,,,,,,,,,,,,,,,,,,,,,
skills,ignite,점화,1,2,3,9,True,,,,,,,,0,3.2,,,,,,,,,,,0,3.2,,,,,,,,,,,,,,,,,,,,,
skills,ignite,점화,1,3,1,1,True,,,,,,,,0,4,,,,,,,,,,,0,4,,,,,,,,,,,,,,,,,,,,,
skills,ignite,점화,1,3,2,3,True,,,,,,,,0,3.6,,,,,,,,,,,0,3.6,,,,,,,,,,,,,,,,,,,,,
skills,ignite,점화,1,3,3,9,True,,,,,,,,0,3.2,,,,,,,,,,,0,3.2,,,,,,,,,,,,,,,,,,,,,
skills,manashield,마나 방패,1,1,1,1,True,,,,,,,,150,5,,,,,,,,,,,150,5,,,,,,,,,,,,,,,,,,,,,
skills,manashield,마나 방패,1,1,2,3,True,,,,,,,,255,4.5,,,,,,,,,,,255,4.5,,,,,,,,,,,,,,,,,,,,,
skills,manashield,마나 방패,1,1,3,9,True,,,,,,,,390,4,,,,,,,,,,,390,4,,,,,,,,,,,,,,,,,,,,,
skills,manashield,마나 방패,1,2,1,1,True,,,,,,,,255,5,,,,,,,,,,,255,5,,,,,,,,,,,,,,,,,,,,,
skills,manashield,마나 방패,1,2,2,3,True,,,,,,,,433.5,4.5,,,,,,,,,,,433.5,4.5,,,,,,,,,,,,,,,,,,,,,
skills,manashield,마나 방패,1,2,3,9,True,,,,,,,,663,4,,,,,,,,,,,663,4,,,,,,,,,,,,,,,,,,,,,
skills,manashield,마나 방패,1,3,1,1,True,,,,,,,,420,5,,,,,,,,,,,420,5,,,,,,,,,,,,,,,,,,,,,
skills,manashield,마나 방패,1,3,2,3,True,,,,,,,,714,4.5,,,,,,,,,,,714,4.5,,,,,,,,,,,,,,,,,,,,,
skills,manashield,마나 방패,1,3,3,9,True,,,,,,,,1092,4,,,,,,,,,,,1092,4,,,,,,,,,,,,,,,,,,,,,
skills,frosttouch,서리 손길,1,1,1,1,True,,,,,,,,80,5,,,,,,,,,,,80,5,,,,,,,,,,,,,,,,,,,,,
skills,frosttouch,서리 손길,1,1,2,3,True,,,,,,,,136,4.5,,,,,,,,,,,136,4.5,,,,,,,,,,,,,,,,,,,,,
skills,frosttouch,서리 손길,1,1,3,9,True,,,,,,,,208,4,,,,,,,,,,,208,4,,,,,,,,,,,,,,,,,,,,,
skills,frosttouch,서리 손길,1,2,1,1,True,,,,,,,,136,5,,,,,,,,,,,136,5,,,,,,,,,,,,,,,,,,,,,
skills,frosttouch,서리 손길,1,2,2,3,True,,,,,,,,231.2,4.5,,,,,,,,,,,231.2,4.5,,,,,,,,,,,,,,,,,,,,,
skills,frosttouch,서리 손길,1,2,3,9,True,,,,,,,,353.6,4,,,,,,,,,,,353.6,4,,,,,,,,,,,,,,,,,,,,,
skills,frosttouch,서리 손길,1,3,1,1,True,,,,,,,,224,5,,,,,,,,,,,224,5,,,,,,,,,,,,,,,,,,,,,
skills,frosttouch,서리 손길,1,3,2,3,True,,,,,,,,380.8,4.5,,,,,,,,,,,380.8,4.5,,,,,,,,,,,,,,,,,,,,,
skills,frosttouch,서리 손길,1,3,3,9,True,,,,,,,,582.4,4,,,,,,,,,,,582.4,4,,,,,,,,,,,,,,,,,,,,,
skills,spark,전류,1,1,1,1,True,,,,,,,,70,5,,,,,,,,,,,70,5,,,,,,,,,,,,,,,,,,,,,
skills,spark,전류,1,1,2,3,True,,,,,,,,119,4.5,,,,,,,,,,,119,4.5,,,,,,,,,,,,,,,,,,,,,
skills,spark,전류,1,1,3,9,True,,,,,,,,182,4,,,,,,,,,,,182,4,,,,,,,,,,,,,,,,,,,,,
skills,spark,전류,1,2,1,1,True,,,,,,,,119,5,,,,,,,,,,,119,5,,,,,,,,,,,,,,,,,,,,,
skills,spark,전류,1,2,2,3,True,,,,,,,,202.29999999999998,4.5,,,,,,,,,,,202.29999999999998,4.5,,,,,,,,,,,,,,,,,,,,,
skills,spark,전류,1,2,3,9,True,,,,,,,,309.40000000000003,4,,,,,,,,,,,309.40000000000003,4,,,,,,,,,,,,,,,,,,,,,
skills,spark,전류,1,3,1,1,True,,,,,,,,196,5,,,,,,,,,,,196,5,,,,,,,,,,,,,,,,,,,,,
skills,spark,전류,1,3,2,3,True,,,,,,,,333.2,4.5,,,,,,,,,,,333.2,4.5,,,,,,,,,,,,,,,,,,,,,
skills,spark,전류,1,3,3,9,True,,,,,,,,509.6,4,,,,,,,,,,,509.6,4,,,,,,,,,,,,,,,,,,,,,
skills,silence,침묵,2,1,1,1,True,,,,,,,,100,10,,,,,,,,,,,100,10,,,,,,,,,,,,,,,,,,,,,
skills,silence,침묵,2,1,2,3,True,,,,,,,,170,9,,,,,,,,,,,170,9,,,,,,,,,,,,,,,,,,,,,
skills,silence,침묵,2,1,3,9,True,,,,,,,,260,8,,,,,,,,,,,260,8,,,,,,,,,,,,,,,,,,,,,
skills,silence,침묵,2,2,1,1,True,,,,,,,,170,10,,,,,,,,,,,170,10,,,,,,,,,,,,,,,,,,,,,
skills,silence,침묵,2,2,2,3,True,,,,,,,,289,9,,,,,,,,,,,289,9,,,,,,,,,,,,,,,,,,,,,
skills,silence,침묵,2,2,3,9,True,,,,,,,,442,8,,,,,,,,,,,442,8,,,,,,,,,,,,,,,,,,,,,
skills,silence,침묵,2,3,1,1,True,,,,,,,,280,10,,,,,,,,,,,280,10,,,,,,,,,,,,,,,,,,,,,
skills,silence,침묵,2,3,2,3,True,,,,,,,,476,9,,,,,,,,,,,476,9,,,,,,,,,,,,,,,,,,,,,
skills,silence,침묵,2,3,3,9,True,,,,,,,,728,8,,,,,,,,,,,728,8,,,,,,,,,,,,,,,,,,,,,
skills,lifelink,생명 연결,2,1,1,1,True,,,,,,,,0,10,,,,,,,,,,,0,10,,,,,,,,,,,,,,,,,,,,,
skills,lifelink,생명 연결,2,1,2,3,True,,,,,,,,0,9,,,,,,,,,,,0,9,,,,,,,,,,,,,,,,,,,,,
skills,lifelink,생명 연결,2,1,3,9,True,,,,,,,,0,8,,,,,,,,,,,0,8,,,,,,,,,,,,,,,,,,,,,
skills,lifelink,생명 연결,2,2,1,1,True,,,,,,,,0,10,,,,,,,,,,,0,10,,,,,,,,,,,,,,,,,,,,,
skills,lifelink,생명 연결,2,2,2,3,True,,,,,,,,0,9,,,,,,,,,,,0,9,,,,,,,,,,,,,,,,,,,,,
skills,lifelink,생명 연결,2,2,3,9,True,,,,,,,,0,8,,,,,,,,,,,0,8,,,,,,,,,,,,,,,,,,,,,
skills,lifelink,생명 연결,2,3,1,1,True,,,,,,,,0,10,,,,,,,,,,,0,10,,,,,,,,,,,,,,,,,,,,,
skills,lifelink,생명 연결,2,3,2,3,True,,,,,,,,0,9,,,,,,,,,,,0,9,,,,,,,,,,,,,,,,,,,,,
skills,lifelink,생명 연결,2,3,3,9,True,,,,,,,,0,8,,,,,,,,,,,0,8,,,,,,,,,,,,,,,,,,,,,
skills,thornshield,가시 보호막,2,1,1,1,True,,,,,,,,200,8,4,,,,,,,,,,200,8,4,,,,,,,,,,,,,,,,,,,,
skills,thornshield,가시 보호막,2,1,2,3,True,,,,,,,,340,7.2,4,,,,,,,,,,340,7.2,4,,,,,,,,,,,,,,,,,,,,
skills,thornshield,가시 보호막,2,1,3,9,True,,,,,,,,520,6.4,4,,,,,,,,,,520,6.4,4,,,,,,,,,,,,,,,,,,,,
skills,thornshield,가시 보호막,2,2,1,1,True,,,,,,,,340,8,4,,,,,,,,,,340,8,4,,,,,,,,,,,,,,,,,,,,
skills,thornshield,가시 보호막,2,2,2,3,True,,,,,,,,578,7.2,4,,,,,,,,,,578,7.2,4,,,,,,,,,,,,,,,,,,,,
skills,thornshield,가시 보호막,2,2,3,9,True,,,,,,,,884,6.4,4,,,,,,,,,,884,6.4,4,,,,,,,,,,,,,,,,,,,,
skills,thornshield,가시 보호막,2,3,1,1,True,,,,,,,,560,8,4,,,,,,,,,,560,8,4,,,,,,,,,,,,,,,,,,,,
skills,thornshield,가시 보호막,2,3,2,3,True,,,,,,,,952,7.2,4,,,,,,,,,,952,7.2,4,,,,,,,,,,,,,,,,,,,,
skills,thornshield,가시 보호막,2,3,3,9,True,,,,,,,,1456,6.4,4,,,,,,,,,,1456,6.4,4,,,,,,,,,,,,,,,,,,,,
skills,polymorph,변이,3,1,1,1,True,,,,,,,,0,12,3,,,,,,,,,,0,12,3,,,,,,,,,,,,,,,,,,,,
skills,polymorph,변이,3,1,2,3,True,,,,,,,,0,10.8,3,,,,,,,,,,0,10.8,3,,,,,,,,,,,,,,,,,,,,
skills,polymorph,변이,3,1,3,9,True,,,,,,,,0,9.600000000000001,3,,,,,,,,,,0,9.600000000000001,3,,,,,,,,,,,,,,,,,,,,
skills,polymorph,변이,3,2,1,1,True,,,,,,,,0,12,3,,,,,,,,,,0,12,3,,,,,,,,,,,,,,,,,,,,
skills,polymorph,변이,3,2,2,3,True,,,,,,,,0,10.8,3,,,,,,,,,,0,10.8,3,,,,,,,,,,,,,,,,,,,,
skills,polymorph,변이,3,2,3,9,True,,,,,,,,0,9.600000000000001,3,,,,,,,,,,0,9.600000000000001,3,,,,,,,,,,,,,,,,,,,,
skills,polymorph,변이,3,3,1,1,True,,,,,,,,0,12,3,,,,,,,,,,0,12,3,,,,,,,,,,,,,,,,,,,,
skills,polymorph,변이,3,3,2,3,True,,,,,,,,0,10.8,3,,,,,,,,,,0,10.8,3,,,,,,,,,,,,,,,,,,,,
skills,polymorph,변이,3,3,3,9,True,,,,,,,,0,9.600000000000001,3,,,,,,,,,,0,9.600000000000001,3,,,,,,,,,,,,,,,,,,,,
skills,manasurge,마력 폭주,4,1,1,1,True,,,,,,,,0,14,6,,,,,,,,,,0,14,6,,,,,,,,,,,,,,,,,,,,
skills,manasurge,마력 폭주,4,1,2,3,True,,,,,,,,0,12.6,6,,,,,,,,,,0,12.6,6,,,,,,,,,,,,,,,,,,,,
skills,manasurge,마력 폭주,4,1,3,9,True,,,,,,,,0,11.200000000000001,6,,,,,,,,,,0,11.200000000000001,6,,,,,,,,,,,,,,,,,,,,
skills,manasurge,마력 폭주,4,2,1,1,True,,,,,,,,0,14,6,,,,,,,,,,0,14,6,,,,,,,,,,,,,,,,,,,,
skills,manasurge,마력 폭주,4,2,2,3,True,,,,,,,,0,12.6,6,,,,,,,,,,0,12.6,6,,,,,,,,,,,,,,,,,,,,
skills,manasurge,마력 폭주,4,2,3,9,True,,,,,,,,0,11.200000000000001,6,,,,,,,,,,0,11.200000000000001,6,,,,,,,,,,,,,,,,,,,,
skills,manasurge,마력 폭주,4,3,1,1,True,,,,,,,,0,14,6,,,,,,,,,,0,14,6,,,,,,,,,,,,,,,,,,,,
skills,manasurge,마력 폭주,4,3,2,3,True,,,,,,,,0,12.6,6,,,,,,,,,,0,12.6,6,,,,,,,,,,,,,,,,,,,,
skills,manasurge,마력 폭주,4,3,3,9,True,,,,,,,,0,11.200000000000001,6,,,,,,,,,,0,11.200000000000001,6,,,,,,,,,,,,,,,,,,,,
skills,iceblessing,얼음 축복,4,1,1,1,True,,,,,,,,0,12,3,,,,,,,,,,0,12,3,,,,,,,,,,,,,,,,,,,,
skills,iceblessing,얼음 축복,4,1,2,3,True,,,,,,,,0,10.8,3,,,,,,,,,,0,10.8,3.25,,,,,,,,,,,,,,,,,,,,
skills,iceblessing,얼음 축복,4,1,3,9,True,,,,,,,,0,9.600000000000001,3,,,,,,,,,,0,9.600000000000001,3.5,,,,,,,,,,,,,,,,,,,,
skills,iceblessing,얼음 축복,4,2,1,1,True,,,,,,,,0,12,3,,,,,,,,,,0,12,3,,,,,,,,,,,,,,,,,,,,
skills,iceblessing,얼음 축복,4,2,2,3,True,,,,,,,,0,10.8,3,,,,,,,,,,0,10.8,3.25,,,,,,,,,,,,,,,,,,,,
skills,iceblessing,얼음 축복,4,2,3,9,True,,,,,,,,0,9.600000000000001,3,,,,,,,,,,0,9.600000000000001,3.5,,,,,,,,,,,,,,,,,,,,
skills,iceblessing,얼음 축복,4,3,1,1,True,,,,,,,,0,12,3,,,,,,,,,,0,12,3,,,,,,,,,,,,,,,,,,,,
skills,iceblessing,얼음 축복,4,3,2,3,True,,,,,,,,0,10.8,3,,,,,,,,,,0,10.8,3.25,,,,,,,,,,,,,,,,,,,,
skills,iceblessing,얼음 축복,4,3,3,9,True,,,,,,,,0,9.600000000000001,3,,,,,,,,,,0,9.600000000000001,3.5,,,,,,,,,,,,,,,,,,,,
skills,vampire,흡혈귀,3,1,1,1,True,,,,,,,,0,,,,,,,,,,,,0,,,,,,,,,,,,,,,,,,,,,,
skills,vampire,흡혈귀,3,1,2,3,True,,,,,,,,0,,,,,,,,,,,,0,,,,,,,,,,,,,,,,,,,,,,
skills,vampire,흡혈귀,3,1,3,9,True,,,,,,,,0,,,,,,,,,,,,0,,,,,,,,,,,,,,,,,,,,,,
skills,vampire,흡혈귀,3,2,1,1,True,,,,,,,,0,,,,,,,,,,,,0,,,,,,,,,,,,,,,,,,,,,,
skills,vampire,흡혈귀,3,2,2,3,True,,,,,,,,0,,,,,,,,,,,,0,,,,,,,,,,,,,,,,,,,,,,
skills,vampire,흡혈귀,3,2,3,9,True,,,,,,,,0,,,,,,,,,,,,0,,,,,,,,,,,,,,,,,,,,,,
skills,vampire,흡혈귀,3,3,1,1,True,,,,,,,,0,,,,,,,,,,,,0,,,,,,,,,,,,,,,,,,,,,,
skills,vampire,흡혈귀,3,3,2,3,True,,,,,,,,0,,,,,,,,,,,,0,,,,,,,,,,,,,,,,,,,,,,
skills,vampire,흡혈귀,3,3,3,9,True,,,,,,,,0,,,,,,,,,,,,0,,,,,,,,,,,,,,,,,,,,,,
skills,meteorshower,운석 낙하,5,1,1,1,True,,,,,,,,250,18,,,,,,,,,,,250,18,,,,,,,,,,,,,,,,,,,,,
skills,meteorshower,운석 낙하,5,1,2,3,True,,,,,,,,425,16.2,,,,,,,,,,,425,16.2,,,,,,,,,,,,,,,,,,,,,
skills,meteorshower,운석 낙하,5,1,3,9,True,,,,,,,,650,14.4,,,,,,,,,,,650,14.4,,,,,,,,,,,,,,,,,,,,,
skills,meteorshower,운석 낙하,5,2,1,1,True,,,,,,,,425,18,,,,,,,,,,,425,18,,,,,,,,,,,,,,,,,,,,,
skills,meteorshower,운석 낙하,5,2,2,3,True,,,,,,,,722.5,16.2,,,,,,,,,,,722.5,16.2,,,,,,,,,,,,,,,,,,,,,
skills,meteorshower,운석 낙하,5,2,3,9,True,,,,,,,,1105,14.4,,,,,,,,,,,1105,14.4,,,,,,,,,,,,,,,,,,,,,
skills,meteorshower,운석 낙하,5,3,1,1,True,,,,,,,,700,18,,,,,,,,,,,700,18,,,,,,,,,,,,,,,,,,,,,
skills,meteorshower,운석 낙하,5,3,2,3,True,,,,,,,,1190,16.2,,,,,,,,,,,1190,16.2,,,,,,,,,,,,,,,,,,,,,
skills,meteorshower,운석 낙하,5,3,3,9,True,,,,,,,,1820,14.4,,,,,,,,,,,1820,14.4,,,,,,,,,,,,,,,,,,,,,
skills,brace,버팀목,2,1,1,1,True,,,,,,,,100,12,4,,,,,,,,,,100,12,4,,,,,,,,,,,,,,,,,,,,
skills,brace,버팀목,2,1,2,3,True,,,,,,,,170,10.8,4,,,,,,,,,,170,10.8,4,,,,,,,,,,,,,,,,,,,,
skills,brace,버팀목,2,1,3,9,True,,,,,,,,260,9.600000000000001,4,,,,,,,,,,260,9.600000000000001,4,,,,,,,,,,,,,,,,,,,,
skills,brace,버팀목,2,2,1,1,True,,,,,,,,170,12,4,,,,,,,,,,170,12,4,,,,,,,,,,,,,,,,,,,,
skills,brace,버팀목,2,2,2,3,True,,,,,,,,289,10.8,4,,,,,,,,,,289,10.8,4,,,,,,,,,,,,,,,,,,,,
skills,brace,버팀목,2,2,3,9,True,,,,,,,,442,9.600000000000001,4,,,,,,,,,,442,9.600000000000001,4,,,,,,,,,,,,,,,,,,,,
skills,brace,버팀목,2,3,1,1,True,,,,,,,,280,12,4,,,,,,,,,,280,12,4,,,,,,,,,,,,,,,,,,,,
skills,brace,버팀목,2,3,2,3,True,,,,,,,,476,10.8,4,,,,,,,,,,476,10.8,4,,,,,,,,,,,,,,,,,,,,
skills,brace,버팀목,2,3,3,9,True,,,,,,,,728,9.600000000000001,4,,,,,,,,,,728,9.600000000000001,4,,,,,,,,,,,,,,,,,,,,
skills,transfer,환승,5,1,1,1,True,,,,,,,,0,,,,,,,,,,,,0,,,,,,,,,,,,,,,,,,,,,,
skills,transfer,환승,5,1,2,3,True,,,,,,,,0,,,,,,,,,,,,0,,,,,,,,,,,,,,,,,,,,,,
skills,transfer,환승,5,1,3,9,True,,,,,,,,0,,,,,,,,,,,,0,,,,,,,,,,,,,,,,,,,,,,
skills,transfer,환승,5,2,1,1,True,,,,,,,,0,,,,,,,,,,,,0,,,,,,,,,,,,,,,,,,,,,,
skills,transfer,환승,5,2,2,3,True,,,,,,,,0,,,,,,,,,,,,0,,,,,,,,,,,,,,,,,,,,,,
skills,transfer,환승,5,2,3,9,True,,,,,,,,0,,,,,,,,,,,,0,,,,,,,,,,,,,,,,,,,,,,
skills,transfer,환승,5,3,1,1,True,,,,,,,,0,,,,,,,,,,,,0,,,,,,,,,,,,,,,,,,,,,,
skills,transfer,환승,5,3,2,3,True,,,,,,,,0,,,,,,,,,,,,0,,,,,,,,,,,,,,,,,,,,,,
skills,transfer,환승,5,3,3,9,True,,,,,,,,0,,,,,,,,,,,,0,,,,,,,,,,,,,,,,,,,,,,
items,longsword,장검,1,1,1,1,True,950,67,0.75,0,1,1,0,,,,,,950,67,0.75,0,1,1,0,,,,,,1,0.05,1.75,0,0,12,,,170,1,0.05,1.75,0,0,12,,,170
items,longsword,장검,1,1,2,3,True,950,74,0.75,0,1,1,0,,,,,,950,74,0.75,0,1,1,0,,,,,,1,0.05,1.75,0,0,12,,,289.0,1,0.05,1.75,0,0,12,,,272.0
items,longsword,장검,1,1,3,9,True,950,84,0.75,0,1,1,0,,,,,,950,84,0.75,0,1,1,0,,,,,,1,0.05,1.75,0,0,12,,,442.0,1,0.05,1.75,0,0,12,,,425.0
items,longsword,장검,1,2,1,1,True,1900,134,0.75,0,1,1,0,,,,,,1900,134,0.75,0,1,1,0,,,,,,1,0.05,1.75,0,0,12,,,289.0,1,0.05,1.75,0,0,12,,,289.0
items,longsword,장검,1,2,2,3,True,1900,148,0.75,0,1,1,0,,,,,,1900,148,0.75,0,1,1,0,,,,,,1,0.05,1.75,0,0,12,,,491.3,1,0.05,1.75,0,0,12,,,462.40000000000003
items,longsword,장검,1,2,3,9,True,1900,168,0.75,0,1,1,0,,,,,,1900,168,0.75,0,1,1,0,,,,,,1,0.05,1.75,0,0,12,,,751.4,1,0.05,1.75,0,0,12,,,722.5
items,longsword,장검,1,3,1,1,True,3800,269,0.75,0,1,1,0,,,,,,3800,269,0.75,0,1,1,0,,,,,,1,0.05,1.75,0,0,12,,,475.99999999999994,1,0.05,1.75,0,0,12,,,475.99999999999994
items,longsword,장검,1,3,2,3,True,3800,296,0.75,0,1,1,0,,,,,,3800,296,0.75,0,1,1,0,,,,,,1,0.05,1.75,0,0,12,,,809.1999999999999,1,0.05,1.75,0,0,12,,,761.5999999999999
items,longsword,장검,1,3,3,9,True,3800,336,0.75,0,1,1,0,,,,,,3800,336,0.75,0,1,1,0,,,,,,1,0.05,1.75,0,0,12,,,1237.6,1,0.05,1.75,0,0,12,,,1189.9999999999998
items,buckler,둥근 방패,1,1,1,1,True,1083,56,0.75,0.1,1,1,0,,,,,,1083,56,0.75,0.1,1,1,0,,,,,,1,0.05,1.75,0,0,12,,,160,1,0.05,1.75,0,0,12,,,160
items,buckler,둥근 방패,1,1,2,3,True,1163,56,0.75,0.16000000000000003,1,1,0,,,,,,1163,56,0.75,0.16000000000000003,1,1,0,,,,,,1,0.05,1.75,0,0,12,,,272.0,1,0.05,1.75,0,0,12,,,256.0
items,buckler,둥근 방패,1,1,3,9,True,1283,56,0.75,0.25,1,1,0,,,,,,1283,56,0.75,0.25,1,1,0,,,,,,1,0.05,1.75,0,0,12,,,416.0,1,0.05,1.75,0,0,12,,,400.0
items,buckler,둥근 방패,1,2,1,1,True,2166,112,0.75,0.1,1,1,0,,,,,,2166,112,0.75,0.1,1,1,0,,,,,,1,0.05,1.75,0,0,12,,,272.0,1,0.05,1.75,0,0,12,,,272.0
items,buckler,둥근 방패,1,2,2,3,True,2326,112,0.75,0.16000000000000003,1,1,0,,,,,,2326,112,0.75,0.16000000000000003,1,1,0,,,,,,1,0.05,1.75,0,0,12,,,462.4,1,0.05,1.75,0,0,12,,,435.20000000000005
items,buckler,둥근 방패,1,2,3,9,True,2565,112,0.75,0.25,1,1,0,,,,,,2565,112,0.75,0.25,1,1,0,,,,,,1,0.05,1.75,0,0,12,,,707.2,1,0.05,1.75,0,0,12,,,680.0
items,buckler,둥근 방패,1,3,1,1,True,4332,224,0.75,0.1,1,1,0,,,,,,4332,224,0.75,0.1,1,1,0,,,,,,1,0.05,1.75,0,0,12,,,448.0,1,0.05,1.75,0,0,12,,,448.0
items,buckler,둥근 방패,1,3,2,3,True,4651,224,0.75,0.16000000000000003,1,1,0,,,,,,4651,224,0.75,0.16000000000000003,1,1,0,,,,,,1,0.05,1.75,0,0,12,,,761.6,1,0.05,1.75,0,0,12,,,716.8000000000001
items,buckler,둥근 방패,1,3,3,9,True,5130,224,0.75,0.25,1,1,0,,,,,,5130,224,0.75,0.25,1,1,0,,,,,,1,0.05,1.75,0,0,12,,,1164.8,1,0.05,1.75,0,0,12,,,1120.0
items,twinblades,쌍단검,2,1,1,1,True,950,56,0.8999999999999999,0,1,1,0,,,,,,950,56,0.8999999999999999,0,1,1,0,,,,,,1,0.2,2,0,0,12,,,,1,0.2,2,0,0,12,,,
items,twinblades,쌍단검,2,1,2,3,True,950,56,0.99,0,1,1,0,,,,,,950,56,0.99,0,1,1,0,,,,,,1,0.29,2.15,0,0,12,,,,1,0.29,2.15,0,0,12,,,
items,twinblades,쌍단검,2,1,3,9,True,950,56,1.125,0,1,1,0,,,,,,950,56,1.125,0,1,1,0,,,,,,1,0.425,2.375,0,0,12,,,,1,0.425,2.375,0,0,12,,,
items,twinblades,쌍단검,2,2,1,1,True,1900,112,0.8999999999999999,0,1,1,0,,,,,,1900,112,0.8999999999999999,0,1,1,0,,,,,,1,0.2,2,0,0,12,,,,1,0.2,2,0,0,12,,,
items,twinblades,쌍단검,2,2,2,3,True,1900,112,0.99,0,1,1,0,,,,,,1900,112,0.99,0,1,1,0,,,,,,1,0.29,2.15,0,0,12,,,,1,0.29,2.15,0,0,12,,,
items,twinblades,쌍단검,2,2,3,9,True,1900,112,1.125,0,1,1,0,,,,,,1900,112,1.125,0,1,1,0,,,,,,1,0.425,2.375,0,0,12,,,,1,0.425,2.375,0,0,12,,,
items,twinblades,쌍단검,2,3,1,1,True,3800,224,0.8999999999999999,0,1,1,0,,,,,,3800,224,0.8999999999999999,0,1,1,0,,,,,,1,0.2,2,0,0,12,,,,1,0.2,2,0,0,12,,,
items,twinblades,쌍단검,2,3,2,3,True,3800,224,0.99,0,1,1,0,,,,,,3800,224,0.99,0,1,1,0,,,,,,1,0.29,2.15,0,0,12,,,,1,0.29,2.15,0,0,12,,,
items,twinblades,쌍단검,2,3,3,9,True,3800,224,1.125,0,1,1,0,,,,,,3800,224,1.125,0,1,1,0,,,,,,1,0.425,2.375,0,0,12,,,,1,0.425,2.375,0,0,12,,,
items,holymace,성스러운 철퇴,2,1,1,1,True,1045,56,0.75,0,1,1,0,,,,,,1140,62,0.75,0,1,1,0,,,,,,1,0.05,1.75,0,0,12,,,,1,0.05,1.75,0,0,12,,,
items,holymace,성스러운 철퇴,2,1,2,3,True,1102,56,0.75,0,1,1,0,,,,,,1254,65,0.75,0,1,1,0,,,,,,1,0.05,1.75,0,0,12,,,,1,0.05,1.75,0,0,12,,,
items,holymace,성스러운 철퇴,2,1,3,9,True,1188,56,0.75,0,1,1,0,,,,,,1425,70,0.75,0,1,1,0,,,,,,1,0.05,1.75,0,0,12,,,,1,0.05,1.75,0,0,12,,,
items,holymace,성스러운 철퇴,2,2,1,1,True,2090,112,0.75,0,1,1,0,,,,,,2280,123,0.75,0,1,1,0,,,,,,1,0.05,1.75,0,0,12,,,,1,0.05,1.75,0,0,12,,,
items,holymace,성스러운 철퇴,2,2,2,3,True,2204,112,0.75,0,1,1,0,,,,,,2508,130,0.75,0,1,1,0,,,,,,1,0.05,1.75,0,0,12,,,,1,0.05,1.75,0,0,12,,,
items,holymace,성스러운 철퇴,2,2,3,9,True,2375,112,0.75,0,1,1,0,,,,,,2850,140,0.75,0,1,1,0,,,,,,1,0.05,1.75,0,0,12,,,,1,0.05,1.75,0,0,12,,,
items,holymace,성스러운 철퇴,2,3,1,1,True,4180,224,0.75,0,1,1,0,,,,,,4560,246,0.75,0,1,1,0,,,,,,1,0.05,1.75,0,0,12,,,,1,0.05,1.75,0,0,12,,,
items,holymace,성스러운 철퇴,2,3,2,3,True,4408,224,0.75,0,1,1,0,,,,,,5016,260,0.75,0,1,1,0,,,,,,1,0.05,1.75,0,0,12,,,,1,0.05,1.75,0,0,12,,,
items,holymace,성스러운 철퇴,2,3,3,9,True,4750,224,0.75,0,1,1,0,,,,,,5700,280,0.75,0,1,1,0,,,,,,1,0.05,1.75,0,0,12,,,,1,0.05,1.75,0,0,12,,,
items,greatsword,피의 대검,3,1,1,1,True,950,67,0.75,0,1,1,0.15,,,,,,950,70,0.75,0,1,1,0.15,,,,,,1,0.05,1.75,0,0,12,,,,1,0.05,1.75,0,0,12,,,
items,greatsword,피의 대검,3,1,2,3,True,950,74,0.75,0,1,1,0.24,,,,,,950,78,0.75,0,1,1,0.24,,,,,,1,0.05,1.75,0,0,12,,,,1,0.05,1.75,0,0,12,,,
items,greatsword,피의 대검,3,1,3,9,True,950,84,0.75,0,1,1,0.375,,,,,,950,91,0.75,0,1,1,0.375,,,,,,1,0.05,1.75,0,0,12,,,,1,0.05,1.75,0,0,12,,,
items,greatsword,피의 대검,3,2,1,1,True,1900,134,0.75,0,1,1,0.15,,,,,,1900,140,0.75,0,1,1,0.15,,,,,,1,0.05,1.75,0,0,12,,,,1,0.05,1.75,0,0,12,,,
items,greatsword,피의 대검,3,2,2,3,True,1900,148,0.75,0,1,1,0.24,,,,,,1900,157,0.75,0,1,1,0.24,,,,,,1,0.05,1.75,0,0,12,,,,1,0.05,1.75,0,0,12,,,
items,greatsword,피의 대검,3,2,3,9,True,1900,168,0.75,0,1,1,0.375,,,,,,1900,182,0.75,0,1,1,0.375,,,,,,1,0.05,1.75,0,0,12,,,,1,0.05,1.75,0,0,12,,,
items,greatsword,피의 대검,3,3,1,1,True,3800,269,0.75,0,1,1,0.15,,,,,,3800,280,0.75,0,1,1,0.15,,,,,,1,0.05,1.75,0,0,12,,,,1,0.05,1.75,0,0,12,,,
items,greatsword,피의 대검,3,3,2,3,True,3800,296,0.75,0,1,1,0.24,,,,,,3800,314,0.75,0,1,1,0.24,,,,,,1,0.05,1.75,0,0,12,,,,1,0.05,1.75,0,0,12,,,
items,greatsword,피의 대검,3,3,3,9,True,3800,336,0.75,0,1,1,0.375,,,,,,3800,364,0.75,0,1,1,0.375,,,,,,1,0.05,1.75,0,0,12,,,,1,0.05,1.75,0,0,12,,,
items,warhammer,전쟁 망치,2,1,1,1,True,1045,62,0.75,0,1,1,0,,,,,,1045,62,0.75,0,1,1,0,,,,,,1,0.05,1.75,0,0,12,,,,1,0.05,1.75,0,0,12,,,
items,warhammer,전쟁 망치,2,1,2,3,True,1102,65,0.75,0,1,1,0,,,,,,1102,65,0.75,0,1,1,0,,,,,,1,0.05,1.75,0,0,12,,,,1,0.05,1.75,0,0,12,,,
items,warhammer,전쟁 망치,2,1,3,9,True,1188,70,0.75,0,1,1,0,,,,,,1188,70,0.75,0,1,1,0,,,,,,1,0.05,1.75,0,0,12,,,,1,0.05,1.75,0,0,12,,,
items,warhammer,전쟁 망치,2,2,1,1,True,2090,123,0.75,0,1,1,0,,,,,,2090,123,0.75,0,1,1,0,,,,,,1,0.05,1.75,0,0,12,,,,1,0.05,1.75,0,0,12,,,
items,warhammer,전쟁 망치,2,2,2,3,True,2204,130,0.75,0,1,1,0,,,,,,2204,130,0.75,0,1,1,0,,,,,,1,0.05,1.75,0,0,12,,,,1,0.05,1.75,0,0,12,,,
items,warhammer,전쟁 망치,2,2,3,9,True,2375,140,0.75,0,1,1,0,,,,,,2375,140,0.75,0,1,1,0,,,,,,1,0.05,1.75,0,0,12,,,,1,0.05,1.75,0,0,12,,,
items,warhammer,전쟁 망치,2,3,1,1,True,4180,246,0.75,0,1,1,0,,,,,,4180,246,0.75,0,1,1,0,,,,,,1,0.05,1.75,0,0,12,,,,1,0.05,1.75,0,0,12,,,
items,warhammer,전쟁 망치,2,3,2,3,True,4408,260,0.75,0,1,1,0,,,,,,4408,260,0.75,0,1,1,0,,,,,,1,0.05,1.75,0,0,12,,,,1,0.05,1.75,0,0,12,,,
items,warhammer,전쟁 망치,2,3,3,9,True,4750,280,0.75,0,1,1,0,,,,,,4750,280,0.75,0,1,1,0,,,,,,1,0.05,1.75,0,0,12,,,,1,0.05,1.75,0,0,12,,,
items,elephanthammer,코끼리망치,3,1,1,1,True,950,56,0.375,0,1,1,0,,,,,,1121,56,0.375,0.06,1,1,0,,,,,,1,0.05,1.75,0,0,12,,,,1,0.05,1.75,0,0,12,,,
items,elephanthammer,코끼리망치,3,1,2,3,True,950,56,0.375,0,1,1,0,,,,,,1224,56,0.375,0.096,1,1,0,,,,,,1,0.05,1.75,0,0,12,,,,1,0.05,1.75,0,0,12,,,
items,elephanthammer,코끼리망치,3,1,3,9,True,950,56,0.375,0,1,1,0,,,,,,1378,56,0.375,0.15,1,1,0,,,,,,1,0.05,1.75,0,0,12,,,,1,0.05,1.75,0,0,12,,,
items,elephanthammer,코끼리망치,3,2,1,1,True,1900,112,0.375,0,1,1,0,,,,,,2242,112,0.375,0.06,1,1,0,,,,,,1,0.05,1.75,0,0,12,,,,1,0.05,1.75,0,0,12,,,
items,elephanthammer,코끼리망치,3,2,2,3,True,1900,112,0.375,0,1,1,0,,,,,,2447,112,0.375,0.096,1,1,0,,,,,,1,0.05,1.75,0,0,12,,,,1,0.05,1.75,0,0,12,,,
items,elephanthammer,코끼리망치,3,2,3,9,True,1900,112,0.375,0,1,1,0,,,,,,2755,112,0.375,0.15,1,1,0,,,,,,1,0.05,1.75,0,0,12,,,,1,0.05,1.75,0,0,12,,,
items,elephanthammer,코끼리망치,3,3,1,1,True,3800,224,0.375,0,1,1,0,,,,,,4484,224,0.375,0.06,1,1,0,,,,,,1,0.05,1.75,0,0,12,,,,1,0.05,1.75,0,0,12,,,
items,elephanthammer,코끼리망치,3,3,2,3,True,3800,224,0.375,0,1,1,0,,,,,,4894,224,0.375,0.096,1,1,0,,,,,,1,0.05,1.75,0,0,12,,,,1,0.05,1.75,0,0,12,,,
items,elephanthammer,코끼리망치,3,3,3,9,True,3800,224,0.375,0,1,1,0,,,,,,5510,224,0.375,0.15,1,1,0,,,,,,1,0.05,1.75,0,0,12,,,,1,0.05,1.75,0,0,12,,,
items,greatnail,대못,2,1,1,1,True,950,56,0.75,0,1,1,0,,,,,,950,56,0.75,0,1,1,0,,,,,,1,0.05,1.75,0,0,12,,,,1,0.05,1.75,0,0,12,,,
items,greatnail,대못,2,1,2,3,True,950,56,0.75,0,1,1,0,,,,,,950,56,0.75,0,1,1,0,,,,,,1,0.05,1.75,0,0,12,,,,1,0.05,1.75,0,0,12,,,
items,greatnail,대못,2,1,3,9,True,950,56,0.75,0,1,1,0,,,,,,950,56,0.75,0,1,1,0,,,,,,1,0.05,1.75,0,0,12,,,,1,0.05,1.75,0,0,12,,,
items,greatnail,대못,2,2,1,1,True,1900,112,0.75,0,1,1,0,,,,,,1900,112,0.75,0,1,1,0,,,,,,1,0.05,1.75,0,0,12,,,,1,0.05,1.75,0,0,12,,,
items,greatnail,대못,2,2,2,3,True,1900,112,0.75,0,1,1,0,,,,,,1900,112,0.75,0,1,1,0,,,,,,1,0.05,1.75,0,0,12,,,,1,0.05,1.75,0,0,12,,,
items,greatnail,대못,2,2,3,9,True,1900,112,0.75,0,1,1,0,,,,,,1900,112,0.75,0,1,1,0,,,,,,1,0.05,1.75,0,0,12,,,,1,0.05,1.75,0,0,12,,,
items,greatnail,대못,2,3,1,1,True,3800,224,0.75,0,1,1,0,,,,,,3800,224,0.75,0,1,1,0,,,,,,1,0.05,1.75,0,0,12,,,,1,0.05,1.75,0,0,12,,,
items,greatnail,대못,2,3,2,3,True,3800,224,0.75,0,1,1,0,,,,,,3800,224,0.75,0,1,1,0,,,,,,1,0.05,1.75,0,0,12,,,,1,0.05,1.75,0,0,12,,,
items,greatnail,대못,2,3,3,9,True,3800,224,0.75,0,1,1,0,,,,,,3800,224,0.75,0,1,1,0,,,,,,1,0.05,1.75,0,0,12,,,,1,0.05,1.75,0,0,12,,,
items,thornmail,독 단도,3,1,1,1,True,950,56,0.9750000000000001,0,1,1,0,,,,,,950,56,0.9750000000000001,0,1,1,0,,,,,,1,0.1,1.75,0,0,12,,,,1,0.1,1.75,0,0,12,,,
items,thornmail,독 단도,3,1,2,3,True,950,56,1.1099999999999999,0,1,1,0,,,,,,950,56,1.1099999999999999,0,1,1,0,,,,,,1,0.13,1.75,0,0,12,,,,1,0.13,1.75,0,0,12,,,
items,thornmail,독 단도,3,1,3,9,True,950,56,1.3125,0,1,1,0,,,,,,950,56,1.3125,0,1,1,0,,,,,,1,0.175,1.75,0,0,12,,,,1,0.175,1.75,0,0,12,,,
items,thornmail,독 단도,3,2,1,1,True,1900,112,0.9750000000000001,0,1,1,0,,,,,,1900,112,0.9750000000000001,0,1,1,0,,,,,,1,0.1,1.75,0,0,12,,,,1,0.1,1.75,0,0,12,,,
items,thornmail,독 단도,3,2,2,3,True,1900,112,1.1099999999999999,0,1,1,0,,,,,,1900,112,1.1099999999999999,0,1,1,0,,,,,,1,0.13,1.75,0,0,12,,,,1,0.13,1.75,0,0,12,,,
items,thornmail,독 단도,3,2,3,9,True,1900,112,1.3125,0,1,1,0,,,,,,1900,112,1.3125,0,1,1,0,,,,,,1,0.175,1.75,0,0,12,,,,1,0.175,1.75,0,0,12,,,
items,thornmail,독 단도,3,3,1,1,True,3800,224,0.9750000000000001,0,1,1,0,,,,,,3800,224,0.9750000000000001,0,1,1,0,,,,,,1,0.1,1.75,0,0,12,,,,1,0.1,1.75,0,0,12,,,
items,thornmail,독 단도,3,3,2,3,True,3800,224,1.1099999999999999,0,1,1,0,,,,,,3800,224,1.1099999999999999,0,1,1,0,,,,,,1,0.13,1.75,0,0,12,,,,1,0.13,1.75,0,0,12,,,
items,thornmail,독 단도,3,3,3,9,True,3800,224,1.3125,0,1,1,0,,,,,,3800,224,1.3125,0,1,1,0,,,,,,1,0.175,1.75,0,0,12,,,,1,0.175,1.75,0,0,12,,,
items,dragonslayer,그림자 검,4,1,1,1,True,950,70,0.75,0,1,1,0,,,,,,950,70,0.75,0,1,1,0,,,,,,1,0.15000000000000002,1.75,0,0,12,,,,1,0.15000000000000002,1.75,0,0,12,,,
items,dragonslayer,그림자 검,4,1,2,3,True,950,78,0.75,0,1,1,0,,,,,,950,78,0.75,0,1,1,0,,,,,,1,0.21000000000000002,1.75,0,0,12,,,,1,0.21000000000000002,1.75,0,0,12,,,
items,dragonslayer,그림자 검,4,1,3,9,True,950,91,0.75,0,1,1,0,,,,,,950,91,0.75,0,1,1,0,,,,,,1,0.3,1.75,0,0,12,,,,1,0.3,1.75,0,0,12,,,
items,dragonslayer,그림자 검,4,2,1,1,True,1900,140,0.75,0,1,1,0,,,,,,1900,140,0.75,0,1,1,0,,,,,,1,0.15000000000000002,1.75,0,0,12,,,,1,0.15000000000000002,1.75,0,0,12,,,
items,dragonslayer,그림자 검,4,2,2,3,True,1900,157,0.75,0,1,1,0,,,,,,1900,157,0.75,0,1,1,0,,,,,,1,0.21000000000000002,1.75,0,0,12,,,,1,0.21000000000000002,1.75,0,0,12,,,
items,dragonslayer,그림자 검,4,2,3,9,True,1900,182,0.75,0,1,1,0,,,,,,1900,182,0.75,0,1,1,0,,,,,,1,0.3,1.75,0,0,12,,,,1,0.3,1.75,0,0,12,,,
items,dragonslayer,그림자 검,4,3,1,1,True,3800,280,0.75,0,1,1,0,,,,,,3800,280,0.75,0,1,1,0,,,,,,1,0.15000000000000002,1.75,0,0,12,,,,1,0.15000000000000002,1.75,0,0,12,,,
items,dragonslayer,그림자 검,4,3,2,3,True,3800,314,0.75,0,1,1,0,,,,,,3800,314,0.75,0,1,1,0,,,,,,1,0.21000000000000002,1.75,0,0,12,,,,1,0.21000000000000002,1.75,0,0,12,,,
items,dragonslayer,그림자 검,4,3,3,9,True,3800,364,0.75,0,1,1,0,,,,,,3800,364,0.75,0,1,1,0,,,,,,1,0.3,1.75,0,0,12,,,,1,0.3,1.75,0,0,12,,,
items,towershield,수호자의 탑 방패,4,1,1,1,True,1235,56,0.75,0.15,1,1,0,,,,,,1311,56,0.75,0.15,1,1,0,,,,,,1,0.05,1.75,0,0,12,,,,1,0.05,1.75,0,0,12,,,
items,towershield,수호자의 탑 방패,4,1,2,3,True,1406,56,0.75,0.24,1,1,0,,,,,,1528,56,0.75,0.24,1,1,0,,,,,,1,0.05,1.75,0,0,12,,,,1,0.05,1.75,0,0,12,,,
items,towershield,수호자의 탑 방패,4,1,3,9,True,1663,56,0.75,0.375,1,1,0,,,,,,1853,56,0.75,0.375,1,1,0,,,,,,1,0.05,1.75,0,0,12,,,,1,0.05,1.75,0,0,12,,,
items,towershield,수호자의 탑 방패,4,2,1,1,True,2470,112,0.75,0.15,1,1,0,,,,,,2622,112,0.75,0.15,1,1,0,,,,,,1,0.05,1.75,0,0,12,,,,1,0.05,1.75,0,0,12,,,
items,towershield,수호자의 탑 방패,4,2,2,3,True,2812,112,0.75,0.24,1,1,0,,,,,,3055,112,0.75,0.24,1,1,0,,,,,,1,0.05,1.75,0,0,12,,,,1,0.05,1.75,0,0,12,,,
items,towershield,수호자의 탑 방패,4,2,3,9,True,3325,112,0.75,0.375,1,1,0,,,,,,3705,112,0.75,0.375,1,1,0,,,,,,1,0.05,1.75,0,0,12,,,,1,0.05,1.75,0,0,12,,,
items,towershield,수호자의 탑 방패,4,3,1,1,True,4940,224,0.75,0.15,1,1,0,,,,,,5244,224,0.75,0.15,1,1,0,,,,,,1,0.05,1.75,0,0,12,,,,1,0.05,1.75,0,0,12,,,
items,towershield,수호자의 탑 방패,4,3,2,3,True,5624,224,0.75,0.24,1,1,0,,,,,,6110,224,0.75,0.24,1,1,0,,,,,,1,0.05,1.75,0,0,12,,,,1,0.05,1.75,0,0,12,,,
items,towershield,수호자의 탑 방패,4,3,3,9,True,6650,224,0.75,0.375,1,1,0,,,,,,7410,224,0.75,0.375,1,1,0,,,,,,1,0.05,1.75,0,0,12,,,,1,0.05,1.75,0,0,12,,,
items,shortbow,단궁,1,1,1,1,True,560,43,0.9120000000000001,0,1,1,0,,,,,,560,43,0.9120000000000001,0,1,1,0,,,,,,3,0.05,1.75,0,0,12,,,90,3,0.05,1.75,0,0,12,,,90
items,shortbow,단궁,1,1,2,3,True,560,43,0.9792000000000001,0,1,1,0,,,,,,560,43,0.9792000000000001,0,1,1,0,,,,,,3,0.05,1.75,0,0,12,,,153.0,3,0.05,1.75,0,0,12,,,144.0
items,shortbow,단궁,1,1,3,9,True,560,43,1.08,0,1,1,0,,,,,,560,43,1.08,0,1,1,0,,,,,,3,0.05,1.75,0,0,12,,,234.0,3,0.05,1.75,0,0,12,,,225.0
items,shortbow,단궁,1,2,1,1,True,1120,86,0.9120000000000001,0,1,1,0,,,,,,1120,86,0.9120000000000001,0,1,1,0,,,,,,3,0.05,1.75,0,0,12,,,153.0,3,0.05,1.75,0,0,12,,,153.0
items,shortbow,단궁,1,2,2,3,True,1120,86,0.9792000000000001,0,1,1,0,,,,,,1120,86,0.9792000000000001,0,1,1,0,,,,,,3,0.05,1.75,0,0,12,,,260.09999999999997,3,0.05,1.75,0,0,12,,,244.8
items,shortbow,단궁,1,2,3,9,True,1120,86,1.08,0,1,1,0,,,,,,1120,86,1.08,0,1,1,0,,,,,,3,0.05,1.75,0,0,12,,,397.8,3,0.05,1.75,0,0,12,,,382.5
items,shortbow,단궁,1,3,1,1,True,2240,172,0.9120000000000001,0,1,1,0,,,,,,2240,172,0.9120000000000001,0,1,1,0,,,,,,3,0.05,1.75,0,0,12,,,251.99999999999997,3,0.05,1.75,0,0,12,,,251.99999999999997
items,shortbow,단궁,1,3,2,3,True,2240,172,0.9792000000000001,0,1,1,0,,,,,,2240,172,0.9792000000000001,0,1,1,0,,,,,,3,0.05,1.75,0,0,12,,,428.3999999999999,3,0.05,1.75,0,0,12,,,403.2
items,shortbow,단궁,1,3,3,9,True,2240,172,1.08,0,1,1,0,,,,,,2240,172,1.08,0,1,1,0,,,,,,3,0.05,1.75,0,0,12,,,655.1999999999999,3,0.05,1.75,0,0,12,,,629.9999999999999
items,longbow,장궁,1,1,1,1,True,560,48,0.8,0,1,1,0,,,,,,560,48,0.8,0,1,1,0,,,,,,4,0.05,1.75,0,0,12,,,,4,0.05,1.75,0,0,12,,,
items,longbow,장궁,1,1,2,3,True,560,51,0.8,0,1,1,0,,,,,,560,51,0.8,0,1,1,0,,,,,,4,0.05,1.75,0,0,12,,,,4,0.05,1.75,0,0,12,,,
items,longbow,장궁,1,1,3,9,True,560,56,0.8,0,1,1,0,,,,,,560,56,0.8,0,1,1,0,,,,,,4,0.05,1.75,0,0,12,,,,4,0.05,1.75,0,0,12,,,
items,longbow,장궁,1,2,1,1,True,1120,96,0.8,0,1,1,0,,,,,,1120,96,0.8,0,1,1,0,,,,,,4,0.05,1.75,0,0,12,,,,4,0.05,1.75,0,0,12,,,
items,longbow,장궁,1,2,2,3,True,1120,103,0.8,0,1,1,0,,,,,,1120,103,0.8,0,1,1,0,,,,,,4,0.05,1.75,0,0,12,,,,4,0.05,1.75,0,0,12,,,
items,longbow,장궁,1,2,3,9,True,1120,112,0.8,0,1,1,0,,,,,,1120,112,0.8,0,1,1,0,,,,,,4,0.05,1.75,0,0,12,,,,4,0.05,1.75,0,0,12,,,
items,longbow,장궁,1,3,1,1,True,2240,193,0.8,0,1,1,0,,,,,,2240,193,0.8,0,1,1,0,,,,,,4,0.05,1.75,0,0,12,,,,4,0.05,1.75,0,0,12,,,
items,longbow,장궁,1,3,2,3,True,2240,205,0.8,0,1,1,0,,,,,,2240,205,0.8,0,1,1,0,,,,,,4,0.05,1.75,0,0,12,,,,4,0.05,1.75,0,0,12,,,
items,longbow,장궁,1,3,3,9,True,2240,224,0.8,0,1,1,0,,,,,,2240,224,0.8,0,1,1,0,,,,,,4,0.05,1.75,0,0,12,,,,4,0.05,1.75,0,0,12,,,
items,venombow,독궁,2,1,1,1,True,560,45,0.8,0,1,1,0,,,,,,560,45,0.8,0,1,1,0,,,,,,3,0.05,1.75,0,0,12,,,,3,0.05,1.75,0,0,12,,,
items,venombow,독궁,2,1,2,3,True,560,46,0.8,0,1,1,0,,,,,,560,46,0.8,0,1,1,0,,,,,,3,0.05,1.75,0,0,12,,,,3,0.05,1.75,0,0,12,,,
items,venombow,독궁,2,1,3,9,True,560,48,0.8,0,1,1,0,,,,,,560,48,0.8,0,1,1,0,,,,,,3,0.05,1.75,0,0,12,,,,3,0.05,1.75,0,0,12,,,
items,venombow,독궁,2,2,1,1,True,1120,90,0.8,0,1,1,0,,,,,,1120,90,0.8,0,1,1,0,,,,,,3,0.05,1.75,0,0,12,,,,3,0.05,1.75,0,0,12,,,
items,venombow,독궁,2,2,2,3,True,1120,93,0.8,0,1,1,0,,,,,,1120,93,0.8,0,1,1,0,,,,,,3,0.05,1.75,0,0,12,,,,3,0.05,1.75,0,0,12,,,
items,venombow,독궁,2,2,3,9,True,1120,97,0.8,0,1,1,0,,,,,,1120,97,0.8,0,1,1,0,,,,,,3,0.05,1.75,0,0,12,,,,3,0.05,1.75,0,0,12,,,
items,venombow,독궁,2,3,1,1,True,2240,181,0.8,0,1,1,0,,,,,,2240,181,0.8,0,1,1,0,,,,,,3,0.05,1.75,0,0,12,,,,3,0.05,1.75,0,0,12,,,
items,venombow,독궁,2,3,2,3,True,2240,186,0.8,0,1,1,0,,,,,,2240,186,0.8,0,1,1,0,,,,,,3,0.05,1.75,0,0,12,,,,3,0.05,1.75,0,0,12,,,
items,venombow,독궁,2,3,3,9,True,2240,194,0.8,0,1,1,0,,,,,,2240,194,0.8,0,1,1,0,,,,,,3,0.05,1.75,0,0,12,,,,3,0.05,1.75,0,0,12,,,
items,quiver,도적의 단검,2,1,1,1,True,644,54,0.96,0,1,1,0,,,,,,644,54,0.96,0,1,1,0,,,,,,1,0.05,1.75,0,0,12,,,220,1,0.05,1.75,0,0,12,,,220
items,quiver,도적의 단검,2,1,2,3,True,694,60,1.056,0,1,1,0,,,,,,694,60,1.056,0,1,1,0,,,,,,1,0.05,1.75,0,0,12,,,374.0,1,0.05,1.75,0,0,12,,,352.0
items,quiver,도적의 단검,2,1,3,9,True,770,70,1.2000000000000002,0,1,1,0,,,,,,770,70,1.2000000000000002,0,1,1,0,,,,,,1,0.05,1.75,0,0,12,,,572.0,1,0.05,1.75,0,0,12,,,550.0
items,quiver,도적의 단검,2,2,1,1,True,1288,108,0.96,0,1,1,0,,,,,,1288,108,0.96,0,1,1,0,,,,,,1,0.05,1.75,0,0,12,,,374.0,1,0.05,1.75,0,0,12,,,374.0
items,quiver,도적의 단검,2,2,2,3,True,1389,120,1.056,0,1,1,0,,,,,,1389,120,1.056,0,1,1,0,,,,,,1,0.05,1.75,0,0,12,,,635.8,1,0.05,1.75,0,0,12,,,598.4
items,quiver,도적의 단검,2,2,3,9,True,1540,140,1.2000000000000002,0,1,1,0,,,,,,1540,140,1.2000000000000002,0,1,1,0,,,,,,1,0.05,1.75,0,0,12,,,972.4,1,0.05,1.75,0,0,12,,,935.0
items,quiver,도적의 단검,2,3,1,1,True,2576,215,0.96,0,1,1,0,,,,,,2576,215,0.96,0,1,1,0,,,,,,1,0.05,1.75,0,0,12,,,616.0,1,0.05,1.75,0,0,12,,,616.0
items,quiver,도적의 단검,2,3,2,3,True,2778,241,1.056,0,1,1,0,,,,,,2778,241,1.056,0,1,1,0,,,,,,1,0.05,1.75,0,0,12,,,1047.2,1,0.05,1.75,0,0,12,,,985.6
items,quiver,도적의 단검,2,3,3,9,True,3080,280,1.2000000000000002,0,1,1,0,,,,,,3080,280,1.2000000000000002,0,1,1,0,,,,,,1,0.05,1.75,0,0,12,,,1601.6000000000001,1,0.05,1.75,0,0,12,,,1540.0
items,rabbitbow,토끼활,2,1,1,1,True,560,47,1,0,1,1,0,,,,,,560,47,1,0,1,1,0,,,,,,2,0.05,1.75,0.1,0,12,,,,2,0.05,1.75,0.1,0,12,,,
items,rabbitbow,토끼활,2,1,2,3,True,560,50,1.1199999999999999,0,1,1,0,,,,,,560,50,1.1199999999999999,0,1,1,0,,,,,,2,0.05,1.75,0.16000000000000003,0,12,,,,2,0.05,1.75,0.16000000000000003,0,12,,,
items,rabbitbow,토끼활,2,1,3,9,True,560,54,1.3,0,1,1,0,,,,,,560,54,1.3,0,1,1,0,,,,,,2,0.05,1.75,0.16000000000000003,0,12,,,,2,0.05,1.75,0.16000000000000003,0,12,,,
items,rabbitbow,토끼활,2,2,1,1,True,1120,95,1,0,1,1,0,,,,,,1120,95,1,0,1,1,0,,,,,,2,0.05,1.75,0.1,0,12,,,,2,0.05,1.75,0.1,0,12,,,
items,rabbitbow,토끼활,2,2,2,3,True,1120,100,1.1199999999999999,0,1,1,0,,,,,,1120,100,1.1199999999999999,0,1,1,0,,,,,,2,0.05,1.75,0.16000000000000003,0,12,,,,2,0.05,1.75,0.16000000000000003,0,12,,,
items,rabbitbow,토끼활,2,2,3,9,True,1120,108,1.3,0,1,1,0,,,,,,1120,108,1.3,0,1,1,0,,,,,,2,0.05,1.75,0.16000000000000003,0,12,,,,2,0.05,1.75,0.16000000000000003,0,12,,,
items,rabbitbow,토끼활,2,3,1,1,True,2240,189,1,0,1,1,0,,,,,,2240,189,1,0,1,1,0,,,,,,2,0.05,1.75,0.1,0,12,,,,2,0.05,1.75,0.1,0,12,,,
items,rabbitbow,토끼활,2,3,2,3,True,2240,200,1.1199999999999999,0,1,1,0,,,,,,2240,200,1.1199999999999999,0,1,1,0,,,,,,2,0.05,1.75,0.16000000000000003,0,12,,,,2,0.05,1.75,0.16000000000000003,0,12,,,
items,rabbitbow,토끼활,2,3,3,9,True,2240,215,1.3,0,1,1,0,,,,,,2240,215,1.3,0,1,1,0,,,,,,2,0.05,1.75,0.16000000000000003,0,12,,,,2,0.05,1.75,0.16000000000000003,0,12,,,
items,restlessbow,정신없는 활,4,1,1,1,True,560,65,0.8,0,1,1,0,,,,,,560,65,0.8,0,1,1,0,,,,,,3,0.05,1.75,0,0,12,,,,3,0.05,1.75,0,0,12,,,
items,restlessbow,정신없는 활,4,1,2,3,True,560,77,0.8,0,1,1,0,,,,,,560,77,0.8,0,1,1,0,,,,,,3,0.05,1.75,0,0,12,,,,3,0.05,1.75,0,0,12,,,
items,restlessbow,정신없는 활,4,1,3,9,True,560,97,0.8,0,1,1,0,,,,,,560,97,0.8,0,1,1,0,,,,,,3,0.05,1.75,0,0,12,,,,3,0.05,1.75,0,0,12,,,
items,restlessbow,정신없는 활,4,2,1,1,True,1120,129,0.8,0,1,1,0,,,,,,1120,129,0.8,0,1,1,0,,,,,,3,0.05,1.75,0,0,12,,,,3,0.05,1.75,0,0,12,,,
items,restlessbow,정신없는 활,4,2,2,3,True,1120,155,0.8,0,1,1,0,,,,,,1120,155,0.8,0,1,1,0,,,,,,3,0.05,1.75,0,0,12,,,,3,0.05,1.75,0,0,12,,,
items,restlessbow,정신없는 활,4,2,3,9,True,1120,194,0.8,0,1,1,0,,,,,,1120,194,0.8,0,1,1,0,,,,,,3,0.05,1.75,0,0,12,,,,3,0.05,1.75,0,0,12,,,
items,restlessbow,정신없는 활,4,3,1,1,True,2240,258,0.8,0,1,1,0,,,,,,2240,258,0.8,0,1,1,0,,,,,,3,0.05,1.75,0,0,12,,,,3,0.05,1.75,0,0,12,,,
items,restlessbow,정신없는 활,4,3,2,3,True,2240,310,0.8,0,1,1,0,,,,,,2240,310,0.8,0,1,1,0,,,,,,3,0.05,1.75,0,0,12,,,,3,0.05,1.75,0,0,12,,,
items,restlessbow,정신없는 활,4,3,3,9,True,2240,387,0.8,0,1,1,0,,,,,,2240,387,0.8,0,1,1,0,,,,,,3,0.05,1.75,0,0,12,,,,3,0.05,1.75,0,0,12,,,
items,whistle,사냥매 호루라기,3,1,1,1,True,560,43,0.8,0,1,1,0,,,,,,560,43,0.8,0,1,1,0,,,,,,3,0.05,1.75,0,0,12,,,,3,0.05,1.75,0,0,12,,,
items,whistle,사냥매 호루라기,3,1,2,3,True,560,43,0.8,0,1,1,0,,,,,,560,43,0.8,0,1,1,0,,,,,,3,0.05,1.75,0,0,12,,,,3,0.05,1.75,0,0,12,,,
items,whistle,사냥매 호루라기,3,1,3,9,True,560,43,0.8,0,1,1,0,,,,,,560,43,0.8,0,1,1,0,,,,,,3,0.05,1.75,0,0,12,,,,3,0.05,1.75,0,0,12,,,
items,whistle,사냥매 호루라기,3,2,1,1,True,1120,86,0.8,0,1,1,0,,,,,,1120,86,0.8,0,1,1,0,,,,,,3,0.05,1.75,0,0,12,,,,3,0.05,1.75,0,0,12,,,
items,whistle,사냥매 호루라기,3,2,2,3,True,1120,86,0.8,0,1,1,0,,,,,,1120,86,0.8,0,1,1,0,,,,,,3,0.05,1.75,0,0,12,,,,3,0.05,1.75,0,0,12,,,
items,whistle,사냥매 호루라기,3,2,3,9,True,1120,86,0.8,0,1,1,0,,,,,,1120,86,0.8,0,1,1,0,,,,,,3,0.05,1.75,0,0,12,,,,3,0.05,1.75,0,0,12,,,
items,whistle,사냥매 호루라기,3,3,1,1,True,2240,172,0.8,0,1,1,0,,,,,,2240,172,0.8,0,1,1,0,,,,,,3,0.05,1.75,0,0,12,,,,3,0.05,1.75,0,0,12,,,
items,whistle,사냥매 호루라기,3,3,2,3,True,2240,172,0.8,0,1,1,0,,,,,,2240,172,0.8,0,1,1,0,,,,,,3,0.05,1.75,0,0,12,,,,3,0.05,1.75,0,0,12,,,
items,whistle,사냥매 호루라기,3,3,3,9,True,2240,172,0.8,0,1,1,0,,,,,,2240,172,0.8,0,1,1,0,,,,,,3,0.05,1.75,0,0,12,,,,3,0.05,1.75,0,0,12,,,
items,flamebow,화염 활,2,1,1,1,True,560,48,0.8,0,1,1,0,,,,,,560,48,0.8,0,1,1,0,,,,,,3,0.05,1.75,0,0,12,,,,3,0.05,1.75,0,0,12,,,
items,flamebow,화염 활,2,1,2,3,True,560,51,0.8,0,1,1,0,,,,,,560,51,0.8,0,1,1,0,,,,,,3,0.05,1.75,0,0,12,,,,3,0.05,1.75,0,0,12,,,
items,flamebow,화염 활,2,1,3,9,True,560,56,0.8,0,1,1,0,,,,,,560,56,0.8,0,1,1,0,,,,,,3,0.05,1.75,0,0,12,,,,3,0.05,1.75,0,0,12,,,
items,flamebow,화염 활,2,2,1,1,True,1120,96,0.8,0,1,1,0,,,,,,1120,96,0.8,0,1,1,0,,,,,,3,0.05,1.75,0,0,12,,,,3,0.05,1.75,0,0,12,,,
items,flamebow,화염 활,2,2,2,3,True,1120,103,0.8,0,1,1,0,,,,,,1120,103,0.8,0,1,1,0,,,,,,3,0.05,1.75,0,0,12,,,,3,0.05,1.75,0,0,12,,,
items,flamebow,화염 활,2,2,3,9,True,1120,112,0.8,0,1,1,0,,,,,,1120,112,0.8,0,1,1,0,,,,,,3,0.05,1.75,0,0,12,,,,3,0.05,1.75,0,0,12,,,
items,flamebow,화염 활,2,3,1,1,True,2240,193,0.8,0,1,1,0,,,,,,2240,193,0.8,0,1,1,0,,,,,,3,0.05,1.75,0,0,12,,,,3,0.05,1.75,0,0,12,,,
items,flamebow,화염 활,2,3,2,3,True,2240,205,0.8,0,1,1,0,,,,,,2240,205,0.8,0,1,1,0,,,,,,3,0.05,1.75,0,0,12,,,,3,0.05,1.75,0,0,12,,,
items,flamebow,화염 활,2,3,3,9,True,2240,224,0.8,0,1,1,0,,,,,,2240,224,0.8,0,1,1,0,,,,,,3,0.05,1.75,0,0,12,,,,3,0.05,1.75,0,0,12,,,
items,windcloak,그림자 망토,3,1,1,1,True,616,43,0.96,0,1,1,0,,,,,,616,43,0.96,0,1,1,0,,,,,,1,0.05,1.75,0.2,0,12,,,,1,0.05,1.75,0.2,0,12,,,
items,windcloak,그림자 망토,3,1,2,3,True,650,43,1.056,0,1,1,0,,,,,,650,43,1.056,0,1,1,0,,,,,,1,0.05,1.75,0.32000000000000006,0,12,,,,1,0.05,1.75,0.32000000000000006,0,12,,,
items,windcloak,그림자 망토,3,1,3,9,True,700,43,1.2000000000000002,0,1,1,0,,,,,,700,43,1.2000000000000002,0,1,1,0,,,,,,1,0.05,1.75,0.32000000000000006,0,12,,,,1,0.05,1.75,0.32000000000000006,0,12,,,
items,windcloak,그림자 망토,3,2,1,1,True,1232,86,0.96,0,1,1,0,,,,,,1232,86,0.96,0,1,1,0,,,,,,1,0.05,1.75,0.2,0,12,,,,1,0.05,1.75,0.2,0,12,,,
items,windcloak,그림자 망토,3,2,2,3,True,1299,86,1.056,0,1,1,0,,,,,,1299,86,1.056,0,1,1,0,,,,,,1,0.05,1.75,0.32000000000000006,0,12,,,,1,0.05,1.75,0.32000000000000006,0,12,,,
items,windcloak,그림자 망토,3,2,3,9,True,1400,86,1.2000000000000002,0,1,1,0,,,,,,1400,86,1.2000000000000002,0,1,1,0,,,,,,1,0.05,1.75,0.32000000000000006,0,12,,,,1,0.05,1.75,0.32000000000000006,0,12,,,
items,windcloak,그림자 망토,3,3,1,1,True,2464,172,0.96,0,1,1,0,,,,,,2464,172,0.96,0,1,1,0,,,,,,1,0.05,1.75,0.2,0,12,,,,1,0.05,1.75,0.2,0,12,,,
items,windcloak,그림자 망토,3,3,2,3,True,2598,172,1.056,0,1,1,0,,,,,,2598,172,1.056,0,1,1,0,,,,,,1,0.05,1.75,0.32000000000000006,0,12,,,,1,0.05,1.75,0.32000000000000006,0,12,,,
items,windcloak,그림자 망토,3,3,3,9,True,2800,172,1.2000000000000002,0,1,1,0,,,,,,2800,172,1.2000000000000002,0,1,1,0,,,,,,1,0.05,1.75,0.32000000000000006,0,12,,,,1,0.05,1.75,0.32000000000000006,0,12,,,
items,eagleeye,매의 눈 반지,4,1,1,1,True,560,43,0.8,0,1,1,0,,,,,,560,49,0.8,0,1,1,0,,,,,,4,0.3,1.75,0,0,12,,,340,4,0.3,1.75,0,0,12,,,340
items,eagleeye,매의 눈 반지,4,1,2,3,True,560,43,0.8,0,1,1,0,,,,,,560,53,0.8,0,1,1,0,,,,,,4,0.45,1.75,0,0,12,,,578.0,4,0.45,1.75,0,0,12,,,544.0
items,eagleeye,매의 눈 반지,4,1,3,9,True,560,43,0.8,0,1,1,0,,,,,,560,59,0.8,0,1,1,0,,,,,,4,0.675,1.75,0,0,12,,,884.0,4,0.675,1.75,0,0,12,,,850.0
items,eagleeye,매의 눈 반지,4,2,1,1,True,1120,86,0.8,0,1,1,0,,,,,,1120,99,0.8,0,1,1,0,,,,,,4,0.3,1.75,0,0,12,,,578.0,4,0.3,1.75,0,0,12,,,578.0
items,eagleeye,매의 눈 반지,4,2,2,3,True,1120,86,0.8,0,1,1,0,,,,,,1120,107,0.8,0,1,1,0,,,,,,4,0.45,1.75,0,0,12,,,982.6,4,0.45,1.75,0,0,12,,,924.8000000000001
items,eagleeye,매의 눈 반지,4,2,3,9,True,1120,86,0.8,0,1,1,0,,,,,,1120,118,0.8,0,1,1,0,,,,,,4,0.675,1.75,0,0,12,,,1502.8,4,0.675,1.75,0,0,12,,,1445.0
items,eagleeye,매의 눈 반지,4,3,1,1,True,2240,172,0.8,0,1,1,0,,,,,,2240,198,0.8,0,1,1,0,,,,,,4,0.3,1.75,0,0,12,,,951.9999999999999,4,0.3,1.75,0,0,12,,,951.9999999999999
items,eagleeye,매의 눈 반지,4,3,2,3,True,2240,172,0.8,0,1,1,0,,,,,,2240,213,0.8,0,1,1,0,,,,,,4,0.45,1.75,0,0,12,,,1618.3999999999999,4,0.45,1.75,0,0,12,,,1523.1999999999998
items,eagleeye,매의 눈 반지,4,3,3,9,True,2240,172,0.8,0,1,1,0,,,,,,2240,237,0.8,0,1,1,0,,,,,,4,0.675,1.75,0,0,12,,,2475.2,4,0.675,1.75,0,0,12,,,2379.9999999999995
items,hornbow,갈고리 쌍검,4,1,1,1,True,616,52,0.8,0,1,1,0,,,,,,700,52,0.9199999999999999,0,1,1,0,,,,,,1,0.2,1.75,0,0,12,,,,1,0.2,1.75,0,0,12,,,
items,hornbow,갈고리 쌍검,4,1,2,3,True,650,57,0.8,0,1,1,0,,,,,,784,57,0.992,0,1,1,0,,,,,,1,0.29,1.75,0,0,12,,,,1,0.29,1.75,0,0,12,,,
items,hornbow,갈고리 쌍검,4,1,3,9,True,700,65,0.8,0,1,1,0,,,,,,910,65,1.1,0,1,1,0,,,,,,1,0.425,1.75,0,0,12,,,,1,0.425,1.75,0,0,12,,,
items,hornbow,갈고리 쌍검,4,2,1,1,True,1232,103,0.8,0,1,1,0,,,,,,1400,103,0.9199999999999999,0,1,1,0,,,,,,1,0.2,1.75,0,0,12,,,,1,0.2,1.75,0,0,12,,,
items,hornbow,갈고리 쌍검,4,2,2,3,True,1299,114,0.8,0,1,1,0,,,,,,1568,114,0.992,0,1,1,0,,,,,,1,0.29,1.75,0,0,12,,,,1,0.29,1.75,0,0,12,,,
items,hornbow,갈고리 쌍검,4,2,3,9,True,1400,129,0.8,0,1,1,0,,,,,,1820,129,1.1,0,1,1,0,,,,,,1,0.425,1.75,0,0,12,,,,1,0.425,1.75,0,0,12,,,
items,hornbow,갈고리 쌍검,4,3,1,1,True,2464,206,0.8,0,1,1,0,,,,,,2800,206,0.9199999999999999,0,1,1,0,,,,,,1,0.2,1.75,0,0,12,,,,1,0.2,1.75,0,0,12,,,
items,hornbow,갈고리 쌍검,4,3,2,3,True,2598,227,0.8,0,1,1,0,,,,,,3136,227,0.992,0,1,1,0,,,,,,1,0.29,1.75,0,0,12,,,,1,0.29,1.75,0,0,12,,,
items,hornbow,갈고리 쌍검,4,3,3,9,True,2800,258,0.8,0,1,1,0,,,,,,3640,258,1.1,0,1,1,0,,,,,,1,0.425,1.75,0,0,12,,,,1,0.425,1.75,0,0,12,,,
items,wand,견습 지팡이,1,1,1,1,True,690,42,0.65,0,1.03,1,0,,,,,,690,42,0.65,0,1.03,1,0,,,,,,3,0.05,1.75,0,0,16,,,133.9,3,0.05,1.75,0,0,16,,,133.9
items,wand,견습 지팡이,1,1,2,3,True,690,42,0.65,0,1.048,1,0,,,,,,690,42,0.65,0,1.048,1,0,,,,,,3,0.05,1.75,0,0,18.4,,,231.608,3,0.05,1.75,0,0,18.4,,,217.984
items,wand,견습 지팡이,1,1,3,9,True,690,42,0.65,0,1.075,1,0,,,,,,690,42,0.65,0,1.075,1,0,,,,,,3,0.05,1.75,0,0,22,,,363.34999999999997,3,0.05,1.75,0,0,22,,,349.375
items,wand,견습 지팡이,1,2,1,1,True,1380,84,0.65,0,1.03,1,0,,,,,,1380,84,0.65,0,1.03,1,0,,,,,,3,0.05,1.75,0,0,16,,,227.63,3,0.05,1.75,0,0,16,,,227.63
items,wand,견습 지팡이,1,2,2,3,True,1380,84,0.65,0,1.048,1,0,,,,,,1380,84,0.65,0,1.048,1,0,,,,,,3,0.05,1.75,0,0,18.4,,,393.7336,3,0.05,1.75,0,0,18.4,,,370.57280000000003
items,wand,견습 지팡이,1,2,3,9,True,1380,84,0.65,0,1.075,1,0,,,,,,1380,84,0.65,0,1.075,1,0,,,,,,3,0.05,1.75,0,0,22,,,617.695,3,0.05,1.75,0,0,22,,,593.9375
items,wand,견습 지팡이,1,3,1,1,True,2760,168,0.65,0,1.03,1,0,,,,,,2760,168,0.65,0,1.03,1,0,,,,,,3,0.05,1.75,0,0,16,,,374.92,3,0.05,1.75,0,0,16,,,374.92
items,wand,견습 지팡이,1,3,2,3,True,2760,168,0.65,0,1.048,1,0,,,,,,2760,168,0.65,0,1.048,1,0,,,,,,3,0.05,1.75,0,0,18.4,,,648.5024,3,0.05,1.75,0,0,18.4,,,610.3552
items,wand,견습 지팡이,1,3,3,9,True,2760,168,0.65,0,1.075,1,0,,,,,,2760,168,0.65,0,1.075,1,0,,,,,,3,0.05,1.75,0,0,22,,,1017.3799999999999,3,0.05,1.75,0,0,22,,,978.25
items,frostorb,서리 오브,1,1,1,1,True,690,42,0.65,0,1.12,1,0,,,,,,690,42,0.65,0,1.12,1,0,,,,,,3,0.05,1.75,0,0,12,,,,3,0.05,1.75,0,0,12,,,
items,frostorb,서리 오브,1,1,2,3,True,690,42,0.65,0,1.192,1,0,,,,,,690,42,0.65,0,1.192,1,0,,,,,,3,0.05,1.75,0,0,12,,,,3,0.05,1.75,0,0,12,,,
items,frostorb,서리 오브,1,1,3,9,True,690,42,0.65,0,1.3,1,0,,,,,,690,42,0.65,0,1.3,1,0,,,,,,3,0.05,1.75,0,0,12,,,,3,0.05,1.75,0,0,12,,,
items,frostorb,서리 오브,1,2,1,1,True,1380,84,0.65,0,1.12,1,0,,,,,,1380,84,0.65,0,1.12,1,0,,,,,,3,0.05,1.75,0,0,12,,,,3,0.05,1.75,0,0,12,,,
items,frostorb,서리 오브,1,2,2,3,True,1380,84,0.65,0,1.192,1,0,,,,,,1380,84,0.65,0,1.192,1,0,,,,,,3,0.05,1.75,0,0,12,,,,3,0.05,1.75,0,0,12,,,
items,frostorb,서리 오브,1,2,3,9,True,1380,84,0.65,0,1.3,1,0,,,,,,1380,84,0.65,0,1.3,1,0,,,,,,3,0.05,1.75,0,0,12,,,,3,0.05,1.75,0,0,12,,,
items,frostorb,서리 오브,1,3,1,1,True,2760,168,0.65,0,1.12,1,0,,,,,,2760,168,0.65,0,1.12,1,0,,,,,,3,0.05,1.75,0,0,12,,,,3,0.05,1.75,0,0,12,,,
items,frostorb,서리 오브,1,3,2,3,True,2760,168,0.65,0,1.192,1,0,,,,,,2760,168,0.65,0,1.192,1,0,,,,,,3,0.05,1.75,0,0,12,,,,3,0.05,1.75,0,0,12,,,
items,frostorb,서리 오브,1,3,3,9,True,2760,168,0.65,0,1.3,1,0,,,,,,2760,168,0.65,0,1.3,1,0,,,,,,3,0.05,1.75,0,0,12,,,,3,0.05,1.75,0,0,12,,,
items,firestaff,화염 지팡이,2,1,1,1,True,690,42,0.65,0,1.3,1,0,,,,,,690,42,0.65,0,1.3,1,0,,,,,,3,0.05,1.75,0,0,12,,,,3,0.05,1.75,0,0,12,,,
items,firestaff,화염 지팡이,2,1,2,3,True,690,42,0.65,0,1.48,1,0,,,,,,690,42,0.65,0,1.48,1,0,,,,,,3,0.05,1.75,0,0,12,,,,3,0.05,1.75,0,0,12,,,
items,firestaff,화염 지팡이,2,1,3,9,True,690,42,0.65,0,1.75,1,0,,,,,,690,42,0.65,0,1.75,1,0,,,,,,3,0.05,1.75,0,0,12,,,,3,0.05,1.75,0,0,12,,,
items,firestaff,화염 지팡이,2,2,1,1,True,1380,84,0.65,0,1.3,1,0,,,,,,1380,84,0.65,0,1.3,1,0,,,,,,3,0.05,1.75,0,0,12,,,,3,0.05,1.75,0,0,12,,,
items,firestaff,화염 지팡이,2,2,2,3,True,1380,84,0.65,0,1.48,1,0,,,,,,1380,84,0.65,0,1.48,1,0,,,,,,3,0.05,1.75,0,0,12,,,,3,0.05,1.75,0,0,12,,,
items,firestaff,화염 지팡이,2,2,3,9,True,1380,84,0.65,0,1.75,1,0,,,,,,1380,84,0.65,0,1.75,1,0,,,,,,3,0.05,1.75,0,0,12,,,,3,0.05,1.75,0,0,12,,,
items,firestaff,화염 지팡이,2,3,1,1,True,2760,168,0.65,0,1.3,1,0,,,,,,2760,168,0.65,0,1.3,1,0,,,,,,3,0.05,1.75,0,0,12,,,,3,0.05,1.75,0,0,12,,,
items,firestaff,화염 지팡이,2,3,2,3,True,2760,168,0.65,0,1.48,1,0,,,,,,2760,168,0.65,0,1.48,1,0,,,,,,3,0.05,1.75,0,0,12,,,,3,0.05,1.75,0,0,12,,,
items,firestaff,화염 지팡이,2,3,3,9,True,2760,168,0.65,0,1.75,1,0,,,,,,2760,168,0.65,0,1.75,1,0,,,,,,3,0.05,1.75,0,0,12,,,,3,0.05,1.75,0,0,12,,,
items,prayerbook,성서,2,1,1,1,True,690,42,0.65,0,1,1.1,0,,,,,,759,42,0.65,0,1,1.25,0,,,,,,3,0.05,1.75,0,0,12,,,,3,0.05,1.75,0,0,15,,,
items,prayerbook,성서,2,1,2,3,True,690,42,0.65,0,1,1.1600000000000001,0,,,,,,800,42,0.65,0,1,1.4,0,,,,,,3,0.05,1.75,0,0,12,,,,3,0.05,1.75,0,0,16.8,,,
items,prayerbook,성서,2,1,3,9,True,690,42,0.65,0,1,1.25,0,,,,,,863,42,0.65,0,1,1.625,0,,,,,,3,0.05,1.75,0,0,12,,,,3,0.05,1.75,0,0,19.5,,,
items,prayerbook,성서,2,2,1,1,True,1380,84,0.65,0,1,1.1,0,,,,,,1518,84,0.65,0,1,1.25,0,,,,,,3,0.05,1.75,0,0,12,,,,3,0.05,1.75,0,0,15,,,
items,prayerbook,성서,2,2,2,3,True,1380,84,0.65,0,1,1.1600000000000001,0,,,,,,1601,84,0.65,0,1,1.4,0,,,,,,3,0.05,1.75,0,0,12,,,,3,0.05,1.75,0,0,16.8,,,
items,prayerbook,성서,2,2,3,9,True,1380,84,0.65,0,1,1.25,0,,,,,,1725,84,0.65,0,1,1.625,0,,,,,,3,0.05,1.75,0,0,12,,,,3,0.05,1.75,0,0,19.5,,,
items,prayerbook,성서,2,3,1,1,True,2760,168,0.65,0,1,1.1,0,,,,,,3036,168,0.65,0,1,1.25,0,,,,,,3,0.05,1.75,0,0,12,,,,3,0.05,1.75,0,0,15,,,
items,prayerbook,성서,2,3,2,3,True,2760,168,0.65,0,1,1.1600000000000001,0,,,,,,3202,168,0.65,0,1,1.4,0,,,,,,3,0.05,1.75,0,0,12,,,,3,0.05,1.75,0,0,16.8,,,
items,prayerbook,성서,2,3,3,9,True,2760,168,0.65,0,1,1.25,0,,,,,,3450,168,0.65,0,1,1.625,0,,,,,,3,0.05,1.75,0,0,12,,,,3,0.05,1.75,0,0,19.5,,,
items,hourglass,시간의 모래시계,3,1,1,1,True,690,42,0.65,0,1,1,0,,,,,,690,42,0.65,0,1,1,0,,,,,,3,0.05,1.75,0,25,12,,,,3,0.05,1.75,0,25,12,,,
items,hourglass,시간의 모래시계,3,1,2,3,True,690,42,0.65,0,1,1,0,,,,,,690,42,0.65,0,1,1,0,,,,,,3,0.05,1.75,0,40,12,,,,3,0.05,1.75,0,40,12,,,
items,hourglass,시간의 모래시계,3,1,3,9,True,690,42,0.65,0,1,1,0,,,,,,690,42,0.65,0,1,1,0,,,,,,3,0.05,1.75,0,40,12,,,,3,0.05,1.75,0,40,12,,,
items,hourglass,시간의 모래시계,3,2,1,1,True,1380,84,0.65,0,1,1,0,,,,,,1380,84,0.65,0,1,1,0,,,,,,3,0.05,1.75,0,25,12,,,,3,0.05,1.75,0,25,12,,,
items,hourglass,시간의 모래시계,3,2,2,3,True,1380,84,0.65,0,1,1,0,,,,,,1380,84,0.65,0,1,1,0,,,,,,3,0.05,1.75,0,40,12,,,,3,0.05,1.75,0,40,12,,,
items,hourglass,시간의 모래시계,3,2,3,9,True,1380,84,0.65,0,1,1,0,,,,,,1380,84,0.65,0,1,1,0,,,,,,3,0.05,1.75,0,40,12,,,,3,0.05,1.75,0,40,12,,,
items,hourglass,시간의 모래시계,3,3,1,1,True,2760,168,0.65,0,1,1,0,,,,,,2760,168,0.65,0,1,1,0,,,,,,3,0.05,1.75,0,25,12,,,,3,0.05,1.75,0,25,12,,,
items,hourglass,시간의 모래시계,3,3,2,3,True,2760,168,0.65,0,1,1,0,,,,,,2760,168,0.65,0,1,1,0,,,,,,3,0.05,1.75,0,40,12,,,,3,0.05,1.75,0,40,12,,,
items,hourglass,시간의 모래시계,3,3,3,9,True,2760,168,0.65,0,1,1,0,,,,,,2760,168,0.65,0,1,1,0,,,,,,3,0.05,1.75,0,40,12,,,,3,0.05,1.75,0,40,12,,,
items,manaring,마나 반지,2,1,1,1,True,690,42,0.65,0,1,1,0,,,,,,690,42,0.65,0,1.12,1,0,,,,,,3,0.05,1.75,0,10,12,,,,3,0.05,1.75,0,10,12,,,
items,manaring,마나 반지,2,1,2,3,True,690,42,0.65,0,1,1,0,,,,,,690,42,0.65,0,1.192,1,0,,,,,,3,0.05,1.75,0,16,12,,,,3,0.05,1.75,0,16,12,,,
items,manaring,마나 반지,2,1,3,9,True,690,42,0.65,0,1,1,0,,,,,,690,42,0.65,0,1.3,1,0,,,,,,3,0.05,1.75,0,16,12,,,,3,0.05,1.75,0,16,12,,,
items,manaring,마나 반지,2,2,1,1,True,1380,84,0.65,0,1,1,0,,,,,,1380,84,0.65,0,1.12,1,0,,,,,,3,0.05,1.75,0,10,12,,,,3,0.05,1.75,0,10,12,,,
items,manaring,마나 반지,2,2,2,3,True,1380,84,0.65,0,1,1,0,,,,,,1380,84,0.65,0,1.192,1,0,,,,,,3,0.05,1.75,0,16,12,,,,3,0.05,1.75,0,16,12,,,
items,manaring,마나 반지,2,2,3,9,True,1380,84,0.65,0,1,1,0,,,,,,1380,84,0.65,0,1.3,1,0,,,,,,3,0.05,1.75,0,16,12,,,,3,0.05,1.75,0,16,12,,,
items,manaring,마나 반지,2,3,1,1,True,2760,168,0.65,0,1,1,0,,,,,,2760,168,0.65,0,1.12,1,0,,,,,,3,0.05,1.75,0,10,12,,,,3,0.05,1.75,0,10,12,,,
items,manaring,마나 반지,2,3,2,3,True,2760,168,0.65,0,1,1,0,,,,,,2760,168,0.65,0,1.192,1,0,,,,,,3,0.05,1.75,0,16,12,,,,3,0.05,1.75,0,16,12,,,
items,manaring,마나 반지,2,3,3,9,True,2760,168,0.65,0,1,1,0,,,,,,2760,168,0.65,0,1.3,1,0,,,,,,3,0.05,1.75,0,16,12,,,,3,0.05,1.75,0,16,12,,,
items,lifeorb,생명의 수정,3,1,1,1,True,793,42,0.65,0,1.3,1.1400000000000001,0,,,,,,793,42,0.65,0,1.3,1.1400000000000001,0,,,,,,3,0.05,1.75,0,0,12,,,,3,0.05,1.75,0,0,12,,,
items,lifeorb,생명의 수정,3,1,2,3,True,856,42,0.65,0,1.48,1.224,0,,,,,,856,42,0.65,0,1.48,1.224,0,,,,,,3,0.05,1.75,0,0,12,,,,3,0.05,1.75,0,0,12,,,
items,lifeorb,생명의 수정,3,1,3,9,True,949,42,0.65,0,1.75,1.35,0,,,,,,949,42,0.65,0,1.75,1.35,0,,,,,,3,0.05,1.75,0,0,12,,,,3,0.05,1.75,0,0,12,,,
items,lifeorb,생명의 수정,3,2,1,1,True,1587,84,0.65,0,1.3,1.1400000000000001,0,,,,,,1587,84,0.65,0,1.3,1.1400000000000001,0,,,,,,3,0.05,1.75,0,0,12,,,,3,0.05,1.75,0,0,12,,,
items,lifeorb,생명의 수정,3,2,2,3,True,1711,84,0.65,0,1.48,1.224,0,,,,,,1711,84,0.65,0,1.48,1.224,0,,,,,,3,0.05,1.75,0,0,12,,,,3,0.05,1.75,0,0,12,,,
items,lifeorb,생명의 수정,3,2,3,9,True,1898,84,0.65,0,1.75,1.35,0,,,,,,1898,84,0.65,0,1.75,1.35,0,,,,,,3,0.05,1.75,0,0,12,,,,3,0.05,1.75,0,0,12,,,
items,lifeorb,생명의 수정,3,3,1,1,True,3174,168,0.65,0,1.3,1.1400000000000001,0,,,,,,3174,168,0.65,0,1.3,1.1400000000000001,0,,,,,,3,0.05,1.75,0,0,12,,,,3,0.05,1.75,0,0,12,,,
items,lifeorb,생명의 수정,3,3,2,3,True,3422,168,0.65,0,1.48,1.224,0,,,,,,3422,168,0.65,0,1.48,1.224,0,,,,,,3,0.05,1.75,0,0,12,,,,3,0.05,1.75,0,0,12,,,
items,lifeorb,생명의 수정,3,3,3,9,True,3795,168,0.65,0,1.75,1.35,0,,,,,,3795,168,0.65,0,1.75,1.35,0,,,,,,3,0.05,1.75,0,0,12,,,,3,0.05,1.75,0,0,12,,,
items,stormstaff,폭풍의 지팡이,4,1,1,1,True,690,42,0.65,0,1.18,1,0,,,,,,690,42,0.65,0,1.18,1,0,,,,,,3,0.05,1.75,0,0,15,,,,3,0.05,1.75,0,0,15,,,
items,stormstaff,폭풍의 지팡이,4,1,2,3,True,690,42,0.65,0,1.288,1,0,,,,,,690,42,0.65,0,1.288,1,0,,,,,,3,0.05,1.75,0,0,16.8,,,,3,0.05,1.75,0,0,16.8,,,
items,stormstaff,폭풍의 지팡이,4,1,3,9,True,690,42,0.65,0,1.45,1,0,,,,,,690,42,0.65,0,1.45,1,0,,,,,,3,0.05,1.75,0,0,19.5,,,,3,0.05,1.75,0,0,19.5,,,
items,stormstaff,폭풍의 지팡이,4,2,1,1,True,1380,84,0.65,0,1.18,1,0,,,,,,1380,84,0.65,0,1.18,1,0,,,,,,3,0.05,1.75,0,0,15,,,,3,0.05,1.75,0,0,15,,,
items,stormstaff,폭풍의 지팡이,4,2,2,3,True,1380,84,0.65,0,1.288,1,0,,,,,,1380,84,0.65,0,1.288,1,0,,,,,,3,0.05,1.75,0,0,16.8,,,,3,0.05,1.75,0,0,16.8,,,
items,stormstaff,폭풍의 지팡이,4,2,3,9,True,1380,84,0.65,0,1.45,1,0,,,,,,1380,84,0.65,0,1.45,1,0,,,,,,3,0.05,1.75,0,0,19.5,,,,3,0.05,1.75,0,0,19.5,,,
items,stormstaff,폭풍의 지팡이,4,3,1,1,True,2760,168,0.65,0,1.18,1,0,,,,,,2760,168,0.65,0,1.18,1,0,,,,,,3,0.05,1.75,0,0,15,,,,3,0.05,1.75,0,0,15,,,
items,stormstaff,폭풍의 지팡이,4,3,2,3,True,2760,168,0.65,0,1.288,1,0,,,,,,2760,168,0.65,0,1.288,1,0,,,,,,3,0.05,1.75,0,0,16.8,,,,3,0.05,1.75,0,0,16.8,,,
items,stormstaff,폭풍의 지팡이,4,3,3,9,True,2760,168,0.65,0,1.45,1,0,,,,,,2760,168,0.65,0,1.45,1,0,,,,,,3,0.05,1.75,0,0,19.5,,,,3,0.05,1.75,0,0,19.5,,,
items,vampsword,흡혈귀의 검,5,1,1,1,True,950,56,1.5,0,1,1,0,,,,,,950,56,1.5,0,1,1,0.08,,,,,,1,0.05,1.75,0,0,12,,,,1,0.05,1.75,0,0,12,,,
items,vampsword,흡혈귀의 검,5,1,2,3,True,950,56,1.9500000000000002,0,1,1,0,,,,,,950,56,1.9500000000000002,0,1,1,0.128,,,,,,1,0.05,1.75,0,0,12,,,,1,0.05,1.75,0,0,12,,,
items,vampsword,흡혈귀의 검,5,1,3,9,True,950,56,2.625,0,1,1,0,,,,,,950,56,2.625,0,1,1,0.2,,,,,,1,0.05,1.75,0,0,12,,,,1,0.05,1.75,0,0,12,,,
items,vampsword,흡혈귀의 검,5,2,1,1,True,1900,112,1.5,0,1,1,0,,,,,,1900,112,1.5,0,1,1,0.08,,,,,,1,0.05,1.75,0,0,12,,,,1,0.05,1.75,0,0,12,,,
items,vampsword,흡혈귀의 검,5,2,2,3,True,1900,112,1.9500000000000002,0,1,1,0,,,,,,1900,112,1.9500000000000002,0,1,1,0.128,,,,,,1,0.05,1.75,0,0,12,,,,1,0.05,1.75,0,0,12,,,
items,vampsword,흡혈귀의 검,5,2,3,9,True,1900,112,2.625,0,1,1,0,,,,,,1900,112,2.625,0,1,1,0.2,,,,,,1,0.05,1.75,0,0,12,,,,1,0.05,1.75,0,0,12,,,
items,vampsword,흡혈귀의 검,5,3,1,1,True,3800,224,1.5,0,1,1,0,,,,,,3800,224,1.5,0,1,1,0.08,,,,,,1,0.05,1.75,0,0,12,,,,1,0.05,1.75,0,0,12,,,
items,vampsword,흡혈귀의 검,5,3,2,3,True,3800,224,1.9500000000000002,0,1,1,0,,,,,,3800,224,1.9500000000000002,0,1,1,0.128,,,,,,1,0.05,1.75,0,0,12,,,,1,0.05,1.75,0,0,12,,,
items,vampsword,흡혈귀의 검,5,3,3,9,True,3800,224,2.625,0,1,1,0,,,,,,3800,224,2.625,0,1,1,0.2,,,,,,1,0.05,1.75,0,0,12,,,,1,0.05,1.75,0,0,12,,,
items,archstaff,대마법사의 지팡이,4,1,1,1,True,690,42,0.65,0,1.4,1,0,,,,,,690,42,0.65,0,1.45,1,0,,,,,,3,0.05,1.75,0,20,12,,,,3,0.05,1.75,0,20,15,,,
items,archstaff,대마법사의 지팡이,4,1,2,3,True,690,42,0.65,0,1.6400000000000001,1,0,,,,,,690,42,0.65,0,1.7200000000000002,1,0,,,,,,3,0.05,1.75,0,32,12,,,,3,0.05,1.75,0,32,16.8,,,
items,archstaff,대마법사의 지팡이,4,1,3,9,True,690,42,0.65,0,2,1,0,,,,,,690,42,0.65,0,2.125,1,0,,,,,,3,0.05,1.75,0,32,12,,,,3,0.05,1.75,0,32,19.5,,,
items,archstaff,대마법사의 지팡이,4,2,1,1,True,1380,84,0.65,0,1.4,1,0,,,,,,1380,84,0.65,0,1.45,1,0,,,,,,3,0.05,1.75,0,20,12,,,,3,0.05,1.75,0,20,15,,,
items,archstaff,대마법사의 지팡이,4,2,2,3,True,1380,84,0.65,0,1.6400000000000001,1,0,,,,,,1380,84,0.65,0,1.7200000000000002,1,0,,,,,,3,0.05,1.75,0,32,12,,,,3,0.05,1.75,0,32,16.8,,,
items,archstaff,대마법사의 지팡이,4,2,3,9,True,1380,84,0.65,0,2,1,0,,,,,,1380,84,0.65,0,2.125,1,0,,,,,,3,0.05,1.75,0,32,12,,,,3,0.05,1.75,0,32,19.5,,,
items,archstaff,대마법사의 지팡이,4,3,1,1,True,2760,168,0.65,0,1.4,1,0,,,,,,2760,168,0.65,0,1.45,1,0,,,,,,3,0.05,1.75,0,20,12,,,,3,0.05,1.75,0,20,15,,,
items,archstaff,대마법사의 지팡이,4,3,2,3,True,2760,168,0.65,0,1.6400000000000001,1,0,,,,,,2760,168,0.65,0,1.7200000000000002,1,0,,,,,,3,0.05,1.75,0,32,12,,,,3,0.05,1.75,0,32,16.8,,,
items,archstaff,대마법사의 지팡이,4,3,3,9,True,2760,168,0.65,0,2,1,0,,,,,,2760,168,0.65,0,2.125,1,0,,,,,,3,0.05,1.75,0,32,12,,,,3,0.05,1.75,0,32,19.5,,,
items,kingsword,왕의 대검,5,1,1,1,True,1140,73,0.75,0,1,1,0,,,,,,1140,73,0.75,0,1,1,0,,,,,,1,0.05,1.75,0,0,12,,,,1,0.05,1.75,0,0,12,,,
items,kingsword,왕의 대검,5,1,2,3,False,1254,83,0.75,0,1,1,0,,,,,,1254,83,0.75,0,1,1,0,,,,,,1,0.05,1.75,0,0,12,,,,1,0.05,1.75,0,0,12,,,
items,kingsword,왕의 대검,5,1,3,9,False,1425,98,0.75,0,1,1,0,,,,,,1425,98,0.75,0,1,1,0,,,,,,1,0.05,1.75,0,0,12,,,,1,0.05,1.75,0,0,12,,,
items,kingsword,왕의 대검,5,2,1,1,True,2280,146,0.75,0,1,1,0,,,,,,2280,146,0.75,0,1,1,0,,,,,,1,0.05,1.75,0,0,12,,,,1,0.05,1.75,0,0,12,,,
items,kingsword,왕의 대검,5,2,2,3,False,2508,166,0.75,0,1,1,0,,,,,,2508,166,0.75,0,1,1,0,,,,,,1,0.05,1.75,0,0,12,,,,1,0.05,1.75,0,0,12,,,
items,kingsword,왕의 대검,5,2,3,9,False,2850,196,0.75,0,1,1,0,,,,,,2850,196,0.75,0,1,1,0,,,,,,1,0.05,1.75,0,0,12,,,,1,0.05,1.75,0,0,12,,,
items,kingsword,왕의 대검,5,3,1,1,True,4560,291,0.75,0,1,1,0,,,,,,4560,291,0.75,0,1,1,0,,,,,,1,0.05,1.75,0,0,12,,,,1,0.05,1.75,0,0,12,,,
items,kingsword,왕의 대검,5,3,2,3,False,5016,332,0.75,0,1,1,0,,,,,,5016,332,0.75,0,1,1,0,,,,,,1,0.05,1.75,0,0,12,,,,1,0.05,1.75,0,0,12,,,
items,kingsword,왕의 대검,5,3,3,9,False,5700,392,0.75,0,1,1,0,,,,,,5700,392,0.75,0,1,1,0,,,,,,1,0.05,1.75,0,0,12,,,,1,0.05,1.75,0,0,12,,,
items,aegis,불멸의 방패,5,1,1,1,True,1159,56,0.75,0.06,1,1,0,,,,,,1159,56,0.75,0.06,1,1,0,,,,,,1,0.05,1.75,0,0,12,,,,1,0.05,1.75,0,0,12,,,
items,aegis,불멸의 방패,5,1,2,3,False,1284,56,0.75,0.096,1,1,0,,,,,,1284,56,0.75,0.096,1,1,0,,,,,,1,0.05,1.75,0,0,12,,,,1,0.05,1.75,0,0,12,,,
items,aegis,불멸의 방패,5,1,3,9,False,1473,56,0.75,0.15,1,1,0,,,,,,1473,56,0.75,0.15,1,1,0,,,,,,1,0.05,1.75,0,0,12,,,,1,0.05,1.75,0,0,12,,,
items,aegis,불멸의 방패,5,2,1,1,True,2318,112,0.75,0.06,1,1,0,,,,,,2318,112,0.75,0.06,1,1,0,,,,,,1,0.05,1.75,0,0,12,,,,1,0.05,1.75,0,0,12,,,
items,aegis,불멸의 방패,5,2,2,3,False,2569,112,0.75,0.096,1,1,0,,,,,,2569,112,0.75,0.096,1,1,0,,,,,,1,0.05,1.75,0,0,12,,,,1,0.05,1.75,0,0,12,,,
items,aegis,불멸의 방패,5,2,3,9,False,2945,112,0.75,0.15,1,1,0,,,,,,2945,112,0.75,0.15,1,1,0,,,,,,1,0.05,1.75,0,0,12,,,,1,0.05,1.75,0,0,12,,,
items,aegis,불멸의 방패,5,3,1,1,True,4636,224,0.75,0.06,1,1,0,,,,,,4636,224,0.75,0.06,1,1,0,,,,,,1,0.05,1.75,0,0,12,,,,1,0.05,1.75,0,0,12,,,
items,aegis,불멸의 방패,5,3,2,3,False,5138,224,0.75,0.096,1,1,0,,,,,,5138,224,0.75,0.096,1,1,0,,,,,,1,0.05,1.75,0,0,12,,,,1,0.05,1.75,0,0,12,,,
items,aegis,불멸의 방패,5,3,3,9,False,5890,224,0.75,0.15,1,1,0,,,,,,5890,224,0.75,0.15,1,1,0,,,,,,1,0.05,1.75,0,0,12,,,,1,0.05,1.75,0,0,12,,,
items,stormbow,폭풍의 활,5,1,1,1,True,560,49,1,0,1,1,0,,,,,,560,49,1,0,1,1,0,,,,,,3,0.05,1.75,0,0,12,,,,3,0.05,1.75,0,0,12,,,
items,stormbow,폭풍의 활,5,1,2,3,False,560,53,1.1199999999999999,0,1,1,0,,,,,,560,53,1.1199999999999999,0,1,1,0,,,,,,3,0.05,1.75,0,0,12,,,,3,0.05,1.75,0,0,12,,,
items,stormbow,폭풍의 활,5,1,3,9,False,560,59,1.3,0,1,1,0,,,,,,560,59,1.3,0,1,1,0,,,,,,3,0.05,1.75,0,0,12,,,,3,0.05,1.75,0,0,12,,,
items,stormbow,폭풍의 활,5,2,1,1,True,1120,99,1,0,1,1,0,,,,,,1120,99,1,0,1,1,0,,,,,,3,0.05,1.75,0,0,12,,,,3,0.05,1.75,0,0,12,,,
items,stormbow,폭풍의 활,5,2,2,3,False,1120,107,1.1199999999999999,0,1,1,0,,,,,,1120,107,1.1199999999999999,0,1,1,0,,,,,,3,0.05,1.75,0,0,12,,,,3,0.05,1.75,0,0,12,,,
items,stormbow,폭풍의 활,5,2,3,9,False,1120,118,1.3,0,1,1,0,,,,,,1120,118,1.3,0,1,1,0,,,,,,3,0.05,1.75,0,0,12,,,,3,0.05,1.75,0,0,12,,,
items,stormbow,폭풍의 활,5,3,1,1,True,2240,198,1,0,1,1,0,,,,,,2240,198,1,0,1,1,0,,,,,,3,0.05,1.75,0,0,12,,,,3,0.05,1.75,0,0,12,,,
items,stormbow,폭풍의 활,5,3,2,3,False,2240,213,1.1199999999999999,0,1,1,0,,,,,,2240,213,1.1199999999999999,0,1,1,0,,,,,,3,0.05,1.75,0,0,12,,,,3,0.05,1.75,0,0,12,,,
items,stormbow,폭풍의 활,5,3,3,9,False,2240,237,1.3,0,1,1,0,,,,,,2240,237,1.3,0,1,1,0,,,,,,3,0.05,1.75,0,0,12,,,,3,0.05,1.75,0,0,12,,,
items,dragoneye,용의 눈,5,1,1,1,True,560,49,0.8,0,1,1,0,,,,,,560,49,0.8,0,1,1,0,,,,,,4,0.35,1.75,0,0,12,,,,4,0.35,1.75,0,0,12,,,
items,dragoneye,용의 눈,5,1,2,3,False,560,53,0.8,0,1,1,0,,,,,,560,53,0.8,0,1,1,0,,,,,,4,0.53,1.75,0,0,12,,,,4,0.53,1.75,0,0,12,,,
items,dragoneye,용의 눈,5,1,3,9,False,560,59,0.8,0,1,1,0,,,,,,560,59,0.8,0,1,1,0,,,,,,4,0.8,1.75,0,0,12,,,,4,0.8,1.75,0,0,12,,,
items,dragoneye,용의 눈,5,2,1,1,True,1120,99,0.8,0,1,1,0,,,,,,1120,99,0.8,0,1,1,0,,,,,,4,0.35,1.75,0,0,12,,,,4,0.35,1.75,0,0,12,,,
items,dragoneye,용의 눈,5,2,2,3,False,1120,107,0.8,0,1,1,0,,,,,,1120,107,0.8,0,1,1,0,,,,,,4,0.53,1.75,0,0,12,,,,4,0.53,1.75,0,0,12,,,
items,dragoneye,용의 눈,5,2,3,9,False,1120,118,0.8,0,1,1,0,,,,,,1120,118,0.8,0,1,1,0,,,,,,4,0.8,1.75,0,0,12,,,,4,0.8,1.75,0,0,12,,,
items,dragoneye,용의 눈,5,3,1,1,True,2240,198,0.8,0,1,1,0,,,,,,2240,198,0.8,0,1,1,0,,,,,,4,0.35,1.75,0,0,12,,,,4,0.35,1.75,0,0,12,,,
items,dragoneye,용의 눈,5,3,2,3,False,2240,213,0.8,0,1,1,0,,,,,,2240,213,0.8,0,1,1,0,,,,,,4,0.53,1.75,0,0,12,,,,4,0.53,1.75,0,0,12,,,
items,dragoneye,용의 눈,5,3,3,9,False,2240,237,0.8,0,1,1,0,,,,,,2240,237,0.8,0,1,1,0,,,,,,4,0.8,1.75,0,0,12,,,,4,0.8,1.75,0,0,12,,,
items,philostone,현자의 돌,5,1,1,1,True,690,42,0.65,0,1.45,1,0,,,,,,690,42,0.65,0,1.45,1,0,,,,,,3,0.05,1.75,0,30,12,,,,3,0.05,1.75,0,30,12,,,
items,philostone,현자의 돌,5,1,2,3,False,690,42,0.65,0,1.7200000000000002,1,0,,,,,,690,42,0.65,0,1.7200000000000002,1,0,,,,,,3,0.05,1.75,0,48,12,,,,3,0.05,1.75,0,48,12,,,
items,philostone,현자의 돌,5,1,3,9,False,690,42,0.65,0,2.125,1,0,,,,,,690,42,0.65,0,2.125,1,0,,,,,,3,0.05,1.75,0,48,12,,,,3,0.05,1.75,0,48,12,,,
items,philostone,현자의 돌,5,2,1,1,True,1380,84,0.65,0,1.45,1,0,,,,,,1380,84,0.65,0,1.45,1,0,,,,,,3,0.05,1.75,0,30,12,,,,3,0.05,1.75,0,30,12,,,
items,philostone,현자의 돌,5,2,2,3,False,1380,84,0.65,0,1.7200000000000002,1,0,,,,,,1380,84,0.65,0,1.7200000000000002,1,0,,,,,,3,0.05,1.75,0,48,12,,,,3,0.05,1.75,0,48,12,,,
items,philostone,현자의 돌,5,2,3,9,False,1380,84,0.65,0,2.125,1,0,,,,,,1380,84,0.65,0,2.125,1,0,,,,,,3,0.05,1.75,0,48,12,,,,3,0.05,1.75,0,48,12,,,
items,philostone,현자의 돌,5,3,1,1,True,2760,168,0.65,0,1.45,1,0,,,,,,2760,168,0.65,0,1.45,1,0,,,,,,3,0.05,1.75,0,30,12,,,,3,0.05,1.75,0,30,12,,,
items,philostone,현자의 돌,5,3,2,3,False,2760,168,0.65,0,1.7200000000000002,1,0,,,,,,2760,168,0.65,0,1.7200000000000002,1,0,,,,,,3,0.05,1.75,0,48,12,,,,3,0.05,1.75,0,48,12,,,
items,philostone,현자의 돌,5,3,3,9,False,2760,168,0.65,0,2.125,1,0,,,,,,2760,168,0.65,0,2.125,1,0,,,,,,3,0.05,1.75,0,48,12,,,,3,0.05,1.75,0,48,12,,,
items,abysstome,심연의 서,5,1,1,1,True,863,42,0.65,0,1.55,1,0,,,,,,863,42,0.65,0,1.55,1,0,,,,,,3,0.05,1.75,0,0,12,,,,3,0.05,1.75,0,0,12,,,
items,abysstome,심연의 서,5,1,2,3,False,966,42,0.65,0,1.8800000000000001,1,0,,,,,,966,42,0.65,0,1.8800000000000001,1,0,,,,,,3,0.05,1.75,0,0,12,,,,3,0.05,1.75,0,0,12,,,
items,abysstome,심연의 서,5,1,3,9,False,1121,42,0.65,0,2.375,1,0,,,,,,1121,42,0.65,0,2.375,1,0,,,,,,3,0.05,1.75,0,0,12,,,,3,0.05,1.75,0,0,12,,,
items,abysstome,심연의 서,5,2,1,1,True,1725,84,0.65,0,1.55,1,0,,,,,,1725,84,0.65,0,1.55,1,0,,,,,,3,0.05,1.75,0,0,12,,,,3,0.05,1.75,0,0,12,,,
items,abysstome,심연의 서,5,2,2,3,False,1932,84,0.65,0,1.8800000000000001,1,0,,,,,,1932,84,0.65,0,1.8800000000000001,1,0,,,,,,3,0.05,1.75,0,0,12,,,,3,0.05,1.75,0,0,12,,,
items,abysstome,심연의 서,5,2,3,9,False,2243,84,0.65,0,2.375,1,0,,,,,,2243,84,0.65,0,2.375,1,0,,,,,,3,0.05,1.75,0,0,12,,,,3,0.05,1.75,0,0,12,,,
items,abysstome,심연의 서,5,3,1,1,True,3450,168,0.65,0,1.55,1,0,,,,,,3450,168,0.65,0,1.55,1,0,,,,,,3,0.05,1.75,0,0,12,,,,3,0.05,1.75,0,0,12,,,
items,abysstome,심연의 서,5,3,2,3,False,3864,168,0.65,0,1.8800000000000001,1,0,,,,,,3864,168,0.65,0,1.8800000000000001,1,0,,,,,,3,0.05,1.75,0,0,12,,,,3,0.05,1.75,0,0,12,,,
items,abysstome,심연의 서,5,3,3,9,False,4485,168,0.65,0,2.375,1,0,,,,,,4485,168,0.65,0,2.375,1,0,,,,,,3,0.05,1.75,0,0,12,,,,3,0.05,1.75,0,0,12,,,
